,sceneEnd,sceneNum,seasonNum,episodeNum,sceneStart
0,0:48:11,0.0,1.0,1.0,0:48:21
1,0:47:58,1.0,1.0,1.0,0:48:11
2,0:46:59,2.0,1.0,1.0,0:47:58
3,0:46:51,3.0,1.0,1.0,0:46:59
4,0:46:43,4.0,1.0,1.0,0:46:51
5,0:45:33,5.0,1.0,1.0,0:46:43
6,0:45:23,6.0,1.0,1.0,0:45:33
7,0:44:57,7.0,1.0,1.0,0:45:23
8,0:44:40,8.0,1.0,1.0,0:44:57
9,0:44:17,9.0,1.0,1.0,0:44:40
10,0:43:57,10.0,1.0,1.0,0:44:17
11,0:43:43,11.0,1.0,1.0,0:43:57
12,0:43:37,12.0,1.0,1.0,0:43:43
13,0:43:22,13.0,1.0,1.0,0:43:37
14,0:43:01,14.0,1.0,1.0,0:43:22
15,0:42:37,15.0,1.0,1.0,0:43:01
16,0:42:36,16.0,1.0,1.0,0:42:37
17,0:42:18,17.0,1.0,1.0,0:42:36
18,0:41:50,18.0,1.0,1.0,0:42:18
19,0:41:47,19.0,1.0,1.0,0:41:50
20,0:41:27,20.0,1.0,1.0,0:41:47
21,0:41:23,21.0,1.0,1.0,0:41:27
22,0:40:18,22.0,1.0,1.0,0:41:23
23,0:40:05,23.0,1.0,1.0,0:40:18
24,0:37:26,24.0,1.0,1.0,0:39:03
25,0:37:20,25.0,1.0,1.0,0:37:26
26,0:36:22,26.0,1.0,1.0,0:37:20
27,0:36:17,27.0,1.0,1.0,0:36:22
28,0:36:15,28.0,1.0,1.0,0:36:17
29,0:36:10,29.0,1.0,1.0,0:36:15
30,0:36:09,30.0,1.0,1.0,0:36:10
31,0:36:07,31.0,1.0,1.0,0:36:09
32,0:36:03,32.0,1.0,1.0,0:36:07
33,0:36:02,33.0,1.0,1.0,0:36:03
34,0:35:52,34.0,1.0,1.0,0:36:02
35,0:35:25,35.0,1.0,1.0,0:35:52
36,0:34:44,36.0,1.0,1.0,0:35:25
37,0:34:35,37.0,1.0,1.0,0:34:44
38,0:34:24,38.0,1.0,1.0,0:34:35
39,0:33:39,39.0,1.0,1.0,0:34:24
40,0:32:23,40.0,1.0,1.0,0:33:39
41,0:32:16,41.0,1.0,1.0,0:32:23
42,0:31:29,42.0,1.0,1.0,0:32:16
43,0:29:38,43.0,1.0,1.0,0:31:29
44,0:29:32,44.0,1.0,1.0,0:29:38
45,0:29:23,45.0,1.0,1.0,0:29:32
46,0:29:13,46.0,1.0,1.0,0:29:23
47,0:28:54,47.0,1.0,1.0,0:29:13
48,0:27:17,48.0,1.0,1.0,0:28:54
49,0:26:57,49.0,1.0,1.0,0:27:17
50,0:26:44,50.0,1.0,1.0,0:26:57
51,0:25:43,51.0,1.0,1.0,0:26:44
52,0:25:31,52.0,1.0,1.0,0:25:43
53,0:25:06,53.0,1.0,1.0,0:25:31
54,0:24:26,54.0,1.0,1.0,0:25:06
55,0:24:17,55.0,1.0,1.0,0:24:26
56,0:23:02,56.0,1.0,1.0,0:24:17
57,0:22:05,57.0,1.0,1.0,0:23:02
58,0:21:45,58.0,1.0,1.0,0:22:05
59,0:21:37,59.0,1.0,1.0,0:21:45
60,0:19:51,60.0,1.0,1.0,0:21:37
61,0:19:35,61.0,1.0,1.0,0:19:51
62,0:19:16,62.0,1.0,1.0,0:19:35
63,0:19:10,63.0,1.0,1.0,0:19:16
64,0:18:21,64.0,1.0,1.0,0:19:10
65,0:17:58,65.0,1.0,1.0,0:18:21
66,0:17:01,66.0,1.0,1.0,0:17:58
67,0:16:51,67.0,1.0,1.0,0:17:01
68,0:16:12,68.0,1.0,1.0,0:16:51
69,0:15:51,69.0,1.0,1.0,0:16:12
70,0:14:38,70.0,1.0,1.0,0:15:51
71,0:14:29,71.0,1.0,1.0,0:14:38
72,0:14:13,72.0,1.0,1.0,0:14:29
73,0:13:18,73.0,1.0,1.0,0:14:13
74,0:12:57,74.0,1.0,1.0,0:13:18
75,0:12:41,75.0,1.0,1.0,0:12:57
76,0:11:39,76.0,1.0,1.0,0:12:41
77,0:11:32,77.0,1.0,1.0,0:11:39
78,0:11:28,78.0,1.0,1.0,0:11:32
79,0:11:22,79.0,1.0,1.0,0:11:28
80,0:11:20,80.0,1.0,1.0,0:11:22
81,0:11:18,81.0,1.0,1.0,0:11:20
82,0:11:14,82.0,1.0,1.0,0:11:18
83,0:11:11,83.0,1.0,1.0,0:11:14
84,0:11:09,84.0,1.0,1.0,0:11:11
85,0:11:03,85.0,1.0,1.0,0:11:09
86,0:10:56,86.0,1.0,1.0,0:11:03
87,0:10:53,87.0,1.0,1.0,0:10:56
88,0:10:46,88.0,1.0,1.0,0:10:53
89,0:10:39,89.0,1.0,1.0,0:10:46
90,0:10:35,90.0,1.0,1.0,0:10:39
91,0:10:21,91.0,1.0,1.0,0:10:35
92,0:09:47,92.0,1.0,1.0,0:10:21
93,0:09:13,93.0,1.0,1.0,0:09:47
94,0:08:54,94.0,1.0,1.0,0:09:13
95,0:08:52,95.0,1.0,1.0,0:08:54
96,0:08:37,96.0,1.0,1.0,0:08:52
97,0:08:32,97.0,1.0,1.0,0:08:37
98,0:08:27,98.0,1.0,1.0,0:08:32
99,0:08:24,99.0,1.0,1.0,0:08:27
100,0:08:17,100.0,1.0,1.0,0:08:24
101,0:08:08,101.0,1.0,1.0,0:08:17
102,0:07:25,102.0,1.0,1.0,0:08:08
103,0:05:18,103.0,1.0,1.0,0:07:25
104,0:05:15,104.0,1.0,1.0,0:05:18
105,0:03:10,105.0,1.0,1.0,0:05:15
106,0:02:31,106.0,1.0,1.0,0:03:10
107,0:02:18,107.0,1.0,1.0,0:02:31
108,0:55:10,0.0,1.0,2.0,0:55:16
109,0:54:15,1.0,1.0,2.0,0:55:10
110,0:53:40,2.0,1.0,2.0,0:54:15
111,0:52:28,3.0,1.0,2.0,0:53:40
112,0:52:11,4.0,1.0,2.0,0:52:28
113,0:51:07,5.0,1.0,2.0,0:52:11
114,0:50:49,6.0,1.0,2.0,0:51:07
115,0:49:34,7.0,1.0,2.0,0:49:46
116,0:48:57,8.0,1.0,2.0,0:49:34
117,0:47:14,9.0,1.0,2.0,0:48:57
118,0:46:39,10.0,1.0,2.0,0:47:14
119,0:46:33,11.0,1.0,2.0,0:46:39
120,0:46:07,12.0,1.0,2.0,0:46:33
121,0:46:03,13.0,1.0,2.0,0:46:07
122,0:44:18,14.0,1.0,2.0,0:46:03
123,0:44:12,15.0,1.0,2.0,0:44:18
124,0:44:06,16.0,1.0,2.0,0:44:12
125,0:43:51,17.0,1.0,2.0,0:44:06
126,0:43:16,18.0,1.0,2.0,0:43:51
127,0:43:05,19.0,1.0,2.0,0:43:16
128,0:42:58,20.0,1.0,2.0,0:43:05
129,0:42:53,21.0,1.0,2.0,0:42:58
130,0:42:15,22.0,1.0,2.0,0:42:53
131,0:41:19,23.0,1.0,2.0,0:42:15
132,0:41:01,24.0,1.0,2.0,0:41:19
133,0:40:25,25.0,1.0,2.0,0:41:01
134,0:40:10,26.0,1.0,2.0,0:40:25
135,0:38:54,27.0,1.0,2.0,0:40:10
136,0:38:30,28.0,1.0,2.0,0:38:54
137,0:37:05,29.0,1.0,2.0,0:38:30
138,0:37:01,30.0,1.0,2.0,0:37:05
139,0:36:55,31.0,1.0,2.0,0:37:01
140,0:36:47,32.0,1.0,2.0,0:36:55
141,0:35:19,33.0,1.0,2.0,0:36:47
142,0:35:06,34.0,1.0,2.0,0:35:19
143,0:34:50,35.0,1.0,2.0,0:35:06
144,0:34:07,36.0,1.0,2.0,0:34:50
145,0:33:02,37.0,1.0,2.0,0:34:07
146,0:33:01,38.0,1.0,2.0,0:33:02
147,0:32:56,39.0,1.0,2.0,0:33:01
148,0:32:45,40.0,1.0,2.0,0:32:56
149,0:32:16,41.0,1.0,2.0,0:32:45
150,0:32:04,42.0,1.0,2.0,0:32:16
151,0:31:58,43.0,1.0,2.0,0:32:04
152,0:31:51,44.0,1.0,2.0,0:31:58
153,0:31:25,45.0,1.0,2.0,0:31:51
154,0:31:22,46.0,1.0,2.0,0:31:25
155,0:30:40,47.0,1.0,2.0,0:31:22
156,0:30:20,48.0,1.0,2.0,0:30:40
157,0:29:44,49.0,1.0,2.0,0:30:20
158,0:29:26,50.0,1.0,2.0,0:29:44
159,0:29:02,51.0,1.0,2.0,0:29:26
160,0:28:51,52.0,1.0,2.0,0:29:02
161,0:28:16,53.0,1.0,2.0,0:28:51
162,0:27:52,54.0,1.0,2.0,0:28:16
163,0:27:39,55.0,1.0,2.0,0:27:52
164,0:27:22,56.0,1.0,2.0,0:27:39
165,0:27:19,57.0,1.0,2.0,0:27:22
166,0:26:59,58.0,1.0,2.0,0:27:19
167,0:26:52,59.0,1.0,2.0,0:26:59
168,0:25:32,60.0,1.0,2.0,0:26:52
169,0:25:29,61.0,1.0,2.0,0:25:32
170,0:24:21,62.0,1.0,2.0,0:25:29
171,0:24:13,63.0,1.0,2.0,0:24:21
172,0:22:32,64.0,1.0,2.0,0:24:13
173,0:22:12,65.0,1.0,2.0,0:22:32
174,0:21:14,66.0,1.0,2.0,0:22:12
175,0:21:07,67.0,1.0,2.0,0:21:14
176,0:20:58,68.0,1.0,2.0,0:21:07
177,0:20:46,69.0,1.0,2.0,0:20:58
178,0:20:39,70.0,1.0,2.0,0:20:46
179,0:20:24,71.0,1.0,2.0,0:20:39
180,0:19:55,72.0,1.0,2.0,0:20:24
181,0:19:42,73.0,1.0,2.0,0:19:55
182,0:19:42,74.0,1.0,2.0,0:19:55
183,0:19:31,75.0,1.0,2.0,0:19:42
184,0:19:24,76.0,1.0,2.0,0:19:31
185,0:18:15,77.0,1.0,2.0,0:19:24
186,0:17:08,78.0,1.0,2.0,0:18:15
187,0:16:50,79.0,1.0,2.0,0:17:08
188,0:16:45,80.0,1.0,2.0,0:16:50
189,0:15:11,81.0,1.0,2.0,0:16:45
190,0:13:38,82.0,1.0,2.0,0:15:11
191,0:13:03,83.0,1.0,2.0,0:13:38
192,0:12:16,84.0,1.0,2.0,0:13:03
193,0:12:13,85.0,1.0,2.0,0:12:16
194,0:11:33,86.0,1.0,2.0,0:12:13
195,0:11:32,87.0,1.0,2.0,0:11:33
196,0:10:30,88.0,1.0,2.0,0:11:32
197,0:10:24,89.0,1.0,2.0,0:10:30
198,0:09:57,90.0,1.0,2.0,0:10:24
199,0:09:56,91.0,1.0,2.0,0:09:57
200,0:09:51,92.0,1.0,2.0,0:09:56
201,0:09:46,93.0,1.0,2.0,0:09:51
202,0:09:44,94.0,1.0,2.0,0:09:46
203,0:09:42,95.0,1.0,2.0,0:09:44
204,0:07:06,96.0,1.0,2.0,0:09:42
205,0:06:05,97.0,1.0,2.0,0:07:06
206,0:05:48,98.0,1.0,2.0,0:06:05
207,0:05:45,99.0,1.0,2.0,0:05:48
208,0:05:42,100.0,1.0,2.0,0:05:45
209,0:05:04,101.0,1.0,2.0,0:05:42
210,0:05:01,102.0,1.0,2.0,0:05:04
211,0:04:58,103.0,1.0,2.0,0:05:01
212,0:04:55,104.0,1.0,2.0,0:04:58
213,0:04:04,105.0,1.0,2.0,0:04:55
214,0:03:49,106.0,1.0,2.0,0:04:04
215,0:03:43,107.0,1.0,2.0,0:03:49
216,0:03:39,108.0,1.0,2.0,0:03:43
217,0:03:04,109.0,1.0,2.0,0:03:39
218,0:03:03,110.0,1.0,2.0,0:03:04
219,0:02:48,111.0,1.0,2.0,0:03:03
220,0:02:32,112.0,1.0,2.0,0:02:48
221,0:02:24,113.0,1.0,2.0,0:02:32
222,0:51:10,0.0,1.0,3.0,0:51:41
223,0:51:04,1.0,1.0,3.0,0:51:10
224,0:51:01,2.0,1.0,3.0,0:51:04
225,0:50:58,3.0,1.0,3.0,0:51:01
226,0:50:52,4.0,1.0,3.0,0:50:58
227,0:50:50,5.0,1.0,3.0,0:50:52
228,0:50:44,6.0,1.0,3.0,0:50:50
229,0:50:38,7.0,1.0,3.0,0:50:44
230,0:50:36,8.0,1.0,3.0,0:50:38
231,0:50:29,9.0,1.0,3.0,0:50:36
232,0:50:23,10.0,1.0,3.0,0:50:29
233,0:50:20,11.0,1.0,3.0,0:50:23
234,0:50:18,12.0,1.0,3.0,0:50:20
235,0:50:17,13.0,1.0,3.0,0:50:18
236,0:50:13,14.0,1.0,3.0,0:50:17
237,0:50:11,15.0,1.0,3.0,0:50:13
238,0:50:09,16.0,1.0,3.0,0:50:11
239,0:50:08,17.0,1.0,3.0,0:50:09
240,0:50:07,18.0,1.0,3.0,0:50:08
241,0:49:52,19.0,1.0,3.0,0:50:07
242,0:48:00,20.0,1.0,3.0,0:48:48
243,0:47:42,21.0,1.0,3.0,0:48:00
244,0:46:21,22.0,1.0,3.0,0:47:42
245,0:46:09,23.0,1.0,3.0,0:46:21
246,0:45:55,24.0,1.0,3.0,0:46:09
247,0:44:14,25.0,1.0,3.0,0:45:55
248,0:44:09,26.0,1.0,3.0,0:44:14
249,0:42:30,27.0,1.0,3.0,0:44:09
250,0:41:50,28.0,1.0,3.0,0:42:30
251,0:41:34,29.0,1.0,3.0,0:41:50
252,0:40:34,30.0,1.0,3.0,0:41:34
253,0:40:12,31.0,1.0,3.0,0:40:34
254,0:40:06,32.0,1.0,3.0,0:40:12
255,0:39:10,33.0,1.0,3.0,0:40:06
256,0:37:27,34.0,1.0,3.0,0:39:10
257,0:36:38,35.0,1.0,3.0,0:37:27
258,0:36:24,36.0,1.0,3.0,0:36:38
259,0:35:29,37.0,1.0,3.0,0:36:24
260,0:35:12,38.0,1.0,3.0,0:35:29
261,0:34:50,39.0,1.0,3.0,0:35:12
262,0:34:32,40.0,1.0,3.0,0:34:50
263,0:34:05,41.0,1.0,3.0,0:34:32
264,0:33:47,42.0,1.0,3.0,0:34:05
265,0:33:35,43.0,1.0,3.0,0:34:47
266,0:33:12,44.0,1.0,3.0,0:33:35
267,0:32:57,45.0,1.0,3.0,0:33:12
268,0:32:52,46.0,1.0,3.0,0:32:57
269,0:31:07,47.0,1.0,3.0,0:32:52
270,0:31:00,48.0,1.0,3.0,0:31:07
271,0:30:03,49.0,1.0,3.0,0:31:00
272,0:30:01,50.0,1.0,3.0,0:30:03
273,0:29:59,51.0,1.0,3.0,0:30:01
274,0:29:57,52.0,1.0,3.0,0:29:59
275,0:29:54,53.0,1.0,3.0,0:29:57
276,0:29:18,54.0,1.0,3.0,0:29:54
277,0:28:51,55.0,1.0,3.0,0:29:18
278,0:28:29,56.0,1.0,3.0,0:28:51
279,0:28:03,57.0,1.0,3.0,0:28:29
280,0:27:48,58.0,1.0,3.0,0:28:03
281,0:27:43,59.0,1.0,3.0,0:27:48
282,0:27:21,60.0,1.0,3.0,0:27:43
283,0:27:03,61.0,1.0,3.0,0:27:21
284,0:26:51,62.0,1.0,3.0,0:27:03
285,0:26:15,63.0,1.0,3.0,0:26:51
286,0:25:40,64.0,1.0,3.0,0:26:15
287,0:25:19,65.0,1.0,3.0,0:25:40
288,0:25:05,66.0,1.0,3.0,0:25:19
289,0:25:02,67.0,1.0,3.0,0:25:05
290,0:24:13,68.0,1.0,3.0,0:25:02
291,0:23:23,69.0,1.0,3.0,0:24:13
292,0:23:15,70.0,1.0,3.0,0:23:23
293,0:23:02,71.0,1.0,3.0,0:23:15
294,0:22:40,72.0,1.0,3.0,0:23:02
295,0:22:32,73.0,1.0,3.0,0:22:40
296,0:22:30,74.0,1.0,3.0,0:22:32
297,0:22:21,75.0,1.0,3.0,0:22:30
298,0:22:18,76.0,1.0,3.0,0:22:21
299,0:22:07,77.0,1.0,3.0,0:22:18
300,0:22:04,78.0,1.0,3.0,0:22:07
301,0:22:00,79.0,1.0,3.0,0:22:04
302,0:21:56,80.0,1.0,3.0,0:22:00
303,0:21:48,81.0,1.0,3.0,0:21:56
304,0:21:41,82.0,1.0,3.0,0:21:48
305,0:21:01,83.0,1.0,3.0,0:21:41
306,0:19:55,84.0,1.0,3.0,0:21:01
307,0:19:42,85.0,1.0,3.0,0:19:55
308,0:19:36,86.0,1.0,3.0,0:19:42
309,0:19:30,87.0,1.0,3.0,0:19:36
310,0:18:59,88.0,1.0,3.0,0:19:30
311,0:18:50,89.0,1.0,3.0,0:18:59
312,0:18:10,90.0,1.0,3.0,0:18:50
313,0:17:57,91.0,1.0,3.0,0:18:10
314,0:17:39,92.0,1.0,3.0,0:17:57
315,0:16:13,93.0,1.0,3.0,0:17:39
316,0:15:49,94.0,1.0,3.0,0:16:13
317,0:15:17,95.0,1.0,3.0,0:15:49
318,0:15:07,96.0,1.0,3.0,0:15:17
319,0:14:36,97.0,1.0,3.0,0:15:07
320,0:14:32,98.0,1.0,3.0,0:14:36
321,0:14:13,99.0,1.0,3.0,0:14:32
322,0:14:09,100.0,1.0,3.0,0:14:13
323,0:13:49,101.0,1.0,3.0,0:14:09
324,0:12:49,102.0,1.0,3.0,0:13:49
325,0:12:45,103.0,1.0,3.0,0:12:49
326,0:10:26,104.0,1.0,3.0,0:12:45
327,0:10:09,105.0,1.0,3.0,0:10:26
328,0:09:45,106.0,1.0,3.0,0:10:09
329,0:08:28,107.0,1.0,3.0,0:09:45
330,0:08:00,108.0,1.0,3.0,0:08:28
331,0:06:50,109.0,1.0,3.0,0:08:00
332,0:05:50,110.0,1.0,3.0,0:06:50
333,0:05:42,111.0,1.0,3.0,0:05:50
334,0:05:36,112.0,1.0,3.0,0:05:42
335,0:05:29,113.0,1.0,3.0,0:05:36
336,0:05:17,114.0,1.0,3.0,0:05:29
337,0:05:07,115.0,1.0,3.0,0:05:17
338,0:05:01,116.0,1.0,3.0,0:05:07
339,0:04:47,117.0,1.0,3.0,0:05:01
340,0:04:38,118.0,1.0,3.0,0:04:47
341,0:04:31,119.0,1.0,3.0,0:04:38
342,0:04:20,120.0,1.0,3.0,0:04:31
343,0:04:14,121.0,1.0,3.0,0:04:20
344,0:04:10,122.0,1.0,3.0,0:04:14
345,0:03:24,123.0,1.0,3.0,0:04:10
346,0:03:21,124.0,1.0,3.0,0:03:24
347,0:03:06,125.0,1.0,3.0,0:03:21
348,0:02:40,126.0,1.0,3.0,0:03:06
349,0:02:27,127.0,1.0,3.0,0:02:40
350,0:50:06,0.0,1.0,4.0,0:50:22
351,0:49:38,1.0,1.0,4.0,0:50:06
352,0:48:32,2.0,1.0,4.0,0:49:38
353,0:48:07,3.0,1.0,4.0,0:48:32
354,0:46:31,4.0,1.0,4.0,0:48:07
355,0:45:58,5.0,1.0,4.0,0:46:31
356,0:45:47,6.0,1.0,4.0,0:45:58
357,0:44:53,7.0,1.0,4.0,0:45:47
358,0:44:23,8.0,1.0,4.0,0:44:53
359,0:42:42,9.0,1.0,4.0,0:44:23
360,0:41:34,10.0,1.0,4.0,0:41:38
361,0:41:30,11.0,1.0,4.0,0:41:34
362,0:41:20,12.0,1.0,4.0,0:41:30
363,0:41:19,13.0,1.0,4.0,0:41:20
364,0:41:07,14.0,1.0,4.0,0:41:19
365,0:41:02,15.0,1.0,4.0,0:41:07
366,0:40:16,16.0,1.0,4.0,0:41:01
367,0:40:11,17.0,1.0,4.0,0:40:16
368,0:40:08,18.0,1.0,4.0,0:40:11
369,0:40:06,19.0,1.0,4.0,0:40:08
370,0:40:04,20.0,1.0,4.0,0:40:06
371,0:39:57,21.0,1.0,4.0,0:40:04
372,0:39:47,22.0,1.0,4.0,0:39:57
373,0:39:45,23.0,1.0,4.0,0:39:47
374,0:39:40,24.0,1.0,4.0,0:39:45
375,0:39:38,25.0,1.0,4.0,0:39:40
376,0:39:36,26.0,1.0,4.0,0:39:38
377,0:39:34,27.0,1.0,4.0,0:39:36
378,0:39:31,28.0,1.0,4.0,0:39:34
379,0:39:07,29.0,1.0,4.0,0:39:31
380,0:38:38,30.0,1.0,4.0,0:39:07
381,0:37:24,31.0,1.0,4.0,0:38:38
382,0:37:10,32.0,1.0,4.0,0:37:24
383,0:37:07,33.0,1.0,4.0,0:37:10
384,0:35:57,34.0,1.0,4.0,0:37:07
385,0:34:29,35.0,1.0,4.0,0:35:57
386,0:34:23,36.0,1.0,4.0,0:34:29
387,0:32:46,37.0,1.0,4.0,0:34:23
388,0:32:43,38.0,1.0,4.0,0:32:46
389,0:32:37,39.0,1.0,4.0,0:32:43
390,0:32:31,40.0,1.0,4.0,0:32:37
391,0:32:23,41.0,1.0,4.0,0:32:31
392,0:32:20,42.0,1.0,4.0,0:32:23
393,0:32:18,43.0,1.0,4.0,0:32:20
394,0:32:16,44.0,1.0,4.0,0:32:18
395,0:31:34,45.0,1.0,4.0,0:32:16
396,0:31:31,46.0,1.0,4.0,0:31:34
397,0:30:47:,47.0,1.0,4.0,0:31:31
398,0:29:50,48.0,1.0,4.0,0:30:47
399,0:29:42,49.0,1.0,4.0,0:29:50
400,0:29:30,50.0,1.0,4.0,0:29:42
401,0:29:19,51.0,1.0,4.0,0:29:30
402,0:27:55,52.0,1.0,4.0,0:29:19
403,0:27:51,53.0,1.0,4.0,0:27:55
404,0:27:10,54.0,1.0,4.0,0:27:51
405,0:26:52,55.0,1.0,4.0,0:27:10
406,0:26:32,56.0,1.0,4.0,0:26:52
407,0:25:34,57.0,1.0,4.0,0:26:32
408,0:25:31,58.0,1.0,4.0,0:25:34
409,0:25:16,59.0,1.0,4.0,0:25:31
410,0:24:41,60.0,1.0,4.0,0:25:16
411,0:23:11,61.0,1.0,4.0,0:24:41
412,0:21:18,62.0,1.0,4.0,0:23:11
413,0:20:49,63.0,1.0,4.0,0:21:18
414,0:20:24,64.0,1.0,4.0,0:20:49
415,0:20:20,65.0,1.0,4.0,0:20:24
416,0:19:03,66.0,1.0,4.0,0:20:20
417,0:18:50,67.0,1.0,4.0,0:19:03
418,0:18:34,68.0,1.0,4.0,0:18:50
419,0:18:28,69.0,1.0,4.0,0:18:34
420,0:18:07,70.0,1.0,4.0,0:18:28
421,0:16:41,71.0,1.0,4.0,0:18:07
422,0:16:31,72.0,1.0,4.0,0:16:41
423,0:16:27,73.0,1.0,4.0,0:16:31
424,0:14:11,74.0,1.0,4.0,0:16:27
425,0:13:37,75.0,1.0,4.0,0:14:11
426,0:13:26,76.0,1.0,4.0,0:13:37
427,0:13:22,77.0,1.0,4.0,0:13:26
428,0:13:06,78.0,1.0,4.0,0:13:22
429,0:12:45,79.0,1.0,4.0,0:13:06
430,0:11:33,80.0,1.0,4.0,0:12:45
431,0:11:26,81.0,1.0,4.0,0:11:33
432,0:11:22,82.0,1.0,4.0,0:11:26
433,0:11:00,83.0,1.0,4.0,0:11:22
434,0:10:38,84.0,1.0,4.0,0:11:00
435,0:10:21,85.0,1.0,4.0,0:10:38
436,0:10:16,86.0,1.0,4.0,0:10:21
437,0:10:00,87.0,1.0,4.0,0:10:16
438,0:09:50,88.0,1.0,4.0,0:10:00
439,0:09:34,89.0,1.0,4.0,0:09:50
440,0:09:26,90.0,1.0,4.0,0:09:34
441,0:09:10,91.0,1.0,4.0,0:09:26
442,0:08:56,92.0,1.0,4.0,0:09:10
443,0:08:46,93.0,1.0,4.0,0:08:56
444,0:08:33,94.0,1.0,4.0,0:08:46
445,0:08:02,95.0,1.0,4.0,0:08:33
446,0:07:57,96.0,1.0,4.0,0:08:02
447,0:06:10,97.0,1.0,4.0,0:07:57
448,0:05:56,98.0,1.0,4.0,0:06:10
449,0:05:48,99.0,1.0,4.0,0:05:56
450,0:05:13,100.0,1.0,4.0,0:05:48
451,0:03:27,101.0,1.0,4.0,0:05:13
452,0:03:11,102.0,1.0,4.0,0:03:27
453,0:02:50,103.0,1.0,4.0,0:03:11
454,0:02:46,104.0,1.0,4.0,0:02:50
455,0:02:23,105.0,1.0,4.0,0:02:46
456,0:52:34,0.0,1.0,5.0,0:52:48
457,0:52:27,1.0,1.0,5.0,0:52:34
458,0:52:08,2.0,1.0,5.0,0:52:27
459,0:51:44,3.0,1.0,5.0,0:52:08
460,0:51:01,4.0,1.0,5.0,0:51:44
461,0:50:56,5.0,1.0,5.0,0:51:01
462,0:48:50,6.0,1.0,5.0,0:50:56
463,0:48:18,7.0,1.0,5.0,0:48:50
464,0:47:13,8.0,1.0,5.0,0:48:18
465,0:46:44,9.0,1.0,5.0,0:47:13
466,0:46:34,10.0,1.0,5.0,0:46:44
467,0:46:21,11.0,1.0,5.0,0:46:34
468,0:46:15,12.0,1.0,5.0,0:46:21
469,0:46:09,13.0,1.0,5.0,0:46:15
470,0:45:44,14.0,1.0,5.0,0:46:09
471,0:45:01,15.0,1.0,5.0,0:45:44
472,0:45:00,16.0,1.0,5.0,0:45:01
473,0:44:45,17.0,1.0,5.0,0:45:00
474,0:42:56,18.0,1.0,5.0,0:43:39
475,0:41:56,19.0,1.0,5.0,0:42:56
476,0:41:51,20.0,1.0,5.0,0:41:56
477,0:41:44,21.0,1.0,5.0,0:41:51
478,0:41:25,22.0,1.0,5.0,0:41:44
479,0:41:13,23.0,1.0,5.0,0:41:25
480,0:41:00,24.0,1.0,5.0,0:41:13
481,0:40:49,25.0,1.0,5.0,0:41:00
482,0:40:30,26.0,1.0,5.0,0:40:49
483,0:39:37,27.0,1.0,5.0,0:40:30
484,0:39:19,28.0,1.0,5.0,0:39:47
485,0:38:31,29.0,1.0,5.0,0:39:19
486,0:38:04,30.0,1.0,5.0,0:38:31
487,0:36:48,31.0,1.0,5.0,0:38:04
488,0:36:30,32.0,1.0,5.0,0:36:48
489,0:35:50,33.0,1.0,5.0,0:36:30
490,0:35:09,34.0,1.0,5.0,0:35:50
491,0:34:48,35.0,1.0,5.0,0:35:09
492,0:34:35,36.0,1.0,5.0,0:34:48
493,0:34:14,37.0,1.0,5.0,0:34:35
494,0:33:58,38.0,1.0,5.0,0:34:14
495,0:31:42,39.0,1.0,5.0,0:33:58
496,0:31:34,40.0,1.0,5.0,0:31:42
497,0:31:26,41.0,1.0,5.0,0:31:34
498,0:30:22,42.0,1.0,5.0,0:31:26
499,0:30:13,43.0,1.0,5.0,0:30:22
500,0:29:28,44.0,1.0,5.0,0:30:13
501,0:27:48,45.0,1.0,5.0,0:29:28
502,0:27:43,46.0,1.0,5.0,0:27:48
503,0:27:19,47.0,1.0,5.0,0:27:43
504,0:27:00,48.0,1.0,5.0,0:27:19
505,0:25:06,49.0,1.0,5.0,0:27:00
506,0:24:56,50.0,1.0,5.0,0:25:06
507,0:24:53,51.0,1.0,5.0,0:24:56
508,0:23:33,52.0,1.0,5.0,0:24:53
509,0:23:25,53.0,1.0,5.0,0:23:33
510,0:21:48,54.0,1.0,5.0,0:23:25
511,0:20:26,55.0,1.0,5.0,0:21:48
512,0:19:36,56.0,1.0,5.0,0:20:26
513,0:19:13,57.0,1.0,5.0,0:19:36
514,0:18:28,58.0,1.0,5.0,0:19:13
515,0:17:45,59.0,1.0,5.0,0:18:28
516,0:17:17,60.0,1.0,5.0,0:17:45
517,0:15:16,61.0,1.0,5.0,0:17:17
518,0:15:10,62.0,1.0,5.0,0:15:16
519,0:14:44,63.0,1.0,5.0,0:15:10
520,0:13:11,64.0,1.0,5.0,0:14:44
521,0:11:54,65.0,1.0,5.0,0:13:11
522,0:10:29,66.0,1.0,5.0,0:11:54
523,0:10:14,67.0,1.0,5.0,0:10:29
524,0:09:46,68.0,1.0,5.0,0:10:14
525,0:09:36,69.0,1.0,5.0,0:09:46
526,0:09:18,70.0,1.0,5.0,0:09:36
527,0:09:09,71.0,1.0,5.0,0:09:18
528,0:08:56,72.0,1.0,5.0,0:09:09
529,0:08:51,73.0,1.0,5.0,0:08:56
530,0:08:20,74.0,1.0,5.0,0:08:51
531,0:07:58,75.0,1.0,5.0,0:08:20
532,0:07:54,76.0,1.0,5.0,0:07:58
533,0:05:01,77.0,1.0,5.0,0:07:54
534,0:03:49,78.0,1.0,5.0,0:05:01
535,0:03:07,79.0,1.0,5.0,0:03:49
536,0:02:47,80.0,1.0,5.0,0:03:07
537,0:02:21,81.0,1.0,5.0,0:02:47
538,0:46:24,0.0,1.0,6.0,0:46:35
539,0:46:15,1.0,1.0,6.0,0:46:24
540,0:46:10,2.0,1.0,6.0,0:46:15
541,0:46:01,3.0,1.0,6.0,0:46:10
542,0:45:54,4.0,1.0,6.0,0:46:01
543,0:45:42,5.0,1.0,6.0,0:45:54
544,0:45:37,6.0,1.0,6.0,0:45:42
545,0:45:34,7.0,1.0,6.0,0:45:37
546,0:45:26,8.0,1.0,6.0,0:45:34
547,0:45:14,9.0,1.0,6.0,0:45:26
548,0:45:04,10.0,1.0,6.0,0:45:14
549,0:44:58,11.0,1.0,6.0,0:45:04
550,0:44:53,12.0,1.0,6.0,0:44:58
551,0:44:16,13.0,1.0,6.0,0:44:53
552,0:43:06,14.0,1.0,6.0,0:43:14
553,0:42:36,15.0,1.0,6.0,0:43:06
554,0:42:20,16.0,1.0,6.0,0:42:36
555,0:42:11,17.0,1.0,6.0,0:42:20
556,0:41:58,18.0,1.0,6.0,0:42:11
557,0:40:30,19.0,1.0,6.0,0:41:58
558,0:40:26,20.0,1.0,6.0,0:40:30
559,0:40:24,21.0,1.0,6.0,0:40:26
560,0:40:18,22.0,1.0,6.0,0:40:24
561,0:40:16,23.0,1.0,6.0,0:40:18
562,0:40:13,24.0,1.0,6.0,0:40:16
563,0:40:11,25.0,1.0,6.0,0:40:13
564,0:40:08,26.0,1.0,6.0,0:40:11
565,0:40:06,27.0,1.0,6.0,0:40:08
566,0:37:55,28.0,1.0,6.0,0:40:06
567,0:37:48,29.0,1.0,6.0,0:37:55
568,0:37:11,30.0,1.0,6.0,0:37:48
569,0:36:47,31.0,1.0,6.0,0:37:11
570,0:36:33,32.0,1.0,6.0,0:36:47
571,0:33:56,33.0,1.0,6.0,0:36:33
572,0:33:51,34.0,1.0,6.0,0:33:56
573,0:33:39,35.0,1.0,6.0,0:33:51
574,0:33:02,36.0,1.0,6.0,0:33:39
575,0:32:52,37.0,1.0,6.0,0:33:02
576,0:31:58,38.0,1.0,6.0,0:32:52
577,0:31:27,39.0,1.0,6.0,0:31:58
578,0:30:38,40.0,1.0,6.0,0:31:58
579,0:30:20,41.0,1.0,6.0,0:30:38
580,0:29:49,42.0,1.0,6.0,0:30:20
581,0:29:43,43.0,1.0,6.0,0:29:49
582,0:29:18,44.0,1.0,6.0,0:29:43
583,0:27:51,45.0,1.0,6.0,0:29:18
584,0:27:36,46.0,1.0,6.0,0:27:51
585,0:27:19,47.0,1.0,6.0,0:27:36
586,0:26:27,48.0,1.0,6.0,0:27:19
587,0:26:07,49.0,1.0,6.0,0:26:27
588,0:25:56,50.0,1.0,6.0,0:26:07
589,0:25:06,51.0,1.0,6.0,0:25:56
590,0:24:52,52.0,1.0,6.0,0:25:06
591,0:24:20,53.0,1.0,6.0,0:24:52
592,0:23:32,54.0,1.0,6.0,0:24:20
593,0:23:20,55.0,1.0,6.0,0:23:32
594,0:23:14,56.0,1.0,6.0,0:23:20
595,0:22:55,57.0,1.0,6.0,0:23:14
596,0:21:51,58.0,1.0,6.0,0:22:55
597,0:21:35,59.0,1.0,6.0,0:21:51
598,0:21:33,60.0,1.0,6.0,0:21:35
599,0:21:29,61.0,1.0,6.0,0:21:33
600,0:20:13,62.0,1.0,6.0,0:21:29
601,0:19:54,63.0,1.0,6.0,0:20:13
602,0:19:52,64.0,1.0,6.0,0:19:54
603,0:19:50,65.0,1.0,6.0,0:19:52
604,0:19:48,66.0,1.0,6.0,0:19:50
605,0:19:46,67.0,1.0,6.0,0:19:48
606,0:19:44,68.0,1.0,6.0,0:19:46
607,0:19:30,69.0,1.0,6.0,0:19:44
608,0:19:28,70.0,1.0,6.0,0:19:30
609,0:19:22,71.0,1.0,6.0,0:19:28
610,0:19:20,72.0,1.0,6.0,0:19:22
611,0:18:48,73.0,1.0,6.0,0:19:20
612,0:18:20,74.0,1.0,6.0,0:18:48
613,0:17:53,75.0,1.0,6.0,0:18:20
614,0:17:16,76.0,1.0,6.0,0:17:53
615,0:16:43,77.0,1.0,6.0,0:17:16
616,0:16:40,78.0,1.0,6.0,0:16:43
617,0:16:24,79.0,1.0,6.0,0:16:40
618,0:15:51,80.0,1.0,6.0,0:16:24
619,0:15:24,81.0,1.0,6.0,0:15:51
620,0:13:45,82.0,1.0,6.0,0:15:24
621,0:13:25,83.0,1.0,6.0,0:13:45
622,0:13:20,84.0,1.0,6.0,0:13:25
623,0:12:57,85.0,1.0,6.0,0:13:20
624,0:12:09,86.0,1.0,6.0,0:12:57
625,0:12:06,87.0,1.0,6.0,0:12:09
626,0:11:30,88.0,1.0,6.0,0:12:06
627,0:10:55,89.0,1.0,6.0,0:11:30
628,0:10:39,90.0,1.0,6.0,0:10:55
629,0:10:21,91.0,1.0,6.0,0:10:39
630,0:10:03,92.0,1.0,6.0,0:10:21
631,0:09:20,93.0,1.0,6.0,0:10:03
632,0:09:10,94.0,1.0,6.0,0:09:20
633,0:09:06,95.0,1.0,6.0,0:09:10
634,0:08:57,96.0,1.0,6.0,0:09:06
635,0:08:53,97.0,1.0,6.0,0:08:57
636,0:08:39,98.0,1.0,6.0,0:08:53
637,0:06:09,99.0,1.0,6.0,0:08:39
638,0:05:42,100.0,1.0,6.0,0:06:09
639,0:05:34,101.0,1.0,6.0,0:05:42
640,0:04:36,102.0,1.0,6.0,0:05:34
641,0:04:30,103.0,1.0,6.0,0:04:36
642,0:04:17,104.0,1.0,6.0,0:04:30
643,0:03:23,105.0,1.0,6.0,0:04:17
644,0:03:04,106.0,1.0,6.0,0:03:23
645,0:02:58,107.0,1.0,6.0,0:03:04
646,0:02:54,108.0,1.0,6.0,0:02:58
647,0:02:51,109.0,1.0,6.0,0:02:54
648,0:02:47,110.0,1.0,6.0,0:02:51
649,0:02:44,111.0,1.0,6.0,0:02:47
650,0:02:39,112.0,1.0,6.0,0:02:44
651,0:02:22,113.0,1.0,6.0,0:02:39
652,0:41:08,0.0,1.0,7.0,0:41:54
653,0:40:48,1.0,1.0,7.0,0:41:08
654,0:40:36,2.0,1.0,7.0,0:40:48
655,0:40:24,3.0,1.0,7.0,0:40:36
656,0:40:19,4.0,1.0,7.0,0:40:24
657,0:40:16,5.0,1.0,7.0,0:40:19
658,0:40:12,6.0,1.0,7.0,0:40:16
659,0:39:56,7.0,1.0,7.0,0:40:12
660,0:39:51,8.0,1.0,7.0,0:39:56
661,0:39:49,9.0,1.0,7.0,0:39:51
662,0:39:47,10.0,1.0,7.0,0:39:49
663,0:39:29,11.0,1.0,7.0,0:39:47
664,0:39:09,12.0,1.0,7.0,0:39:29
665,0:38:59,13.0,1.0,7.0,0:39:09
666,0:38:50,14.0,1.0,7.0,0:38:59
667,0:38:24,15.0,1.0,7.0,0:38:50
668,0:38:18,16.0,1.0,7.0,0:38:24
669,0:38:17,17.0,1.0,7.0,0:38:18
670,0:37:36,18.0,1.0,7.0,0:38:17
671,0:37:31,19.0,1.0,7.0,0:37:36
672,0:37:27,20.0,1.0,7.0,0:37:31
673,0:36:12,21.0,1.0,7.0,0:37:27
674,0:34:56,22.0,1.0,7.0,0:35:08
675,0:34:34,23.0,1.0,7.0,0:34:56
676,0:34:29,24.0,1.0,7.0,0:34:34
677,0:34:12,25.0,1.0,7.0,0:34:29
678,0:33:48,26.0,1.0,7.0,0:34:12
679,0:33:39,27.0,1.0,7.0,0:33:48
680,0:33:34,28.0,1.0,7.0,0:33:39
681,0:33:27,29.0,1.0,7.0,0:33:34
682,0:33:13,30.0,1.0,7.0,0:33:27
683,0:32:49,31.0,1.0,7.0,0:33:13
684,0:32:03,32.0,1.0,7.0,0:32:49
685,0:31:11,33.0,1.0,7.0,0:32:03
686,0:29:58,34.0,1.0,7.0,0:31:11
687,0:29:40,35.0,1.0,7.0,0:29:58
688,0:29:02,36.0,1.0,7.0,0:29:40
689,0:28:58,37.0,1.0,7.0,0:29:02
690,0:28:53,38.0,1.0,7.0,0:28:58
691,0:27:39,39.0,1.0,7.0,0:28:53
692,0:26:04,40.0,1.0,7.0,0:27:39
693,0:26:01,41.0,1.0,7.0,0:26:04
694,0:25:50,42.0,1.0,7.0,0:26:01
695,0:25:38,43.0,1.0,7.0,0:25:50
696,0:25:36,44.0,1.0,7.0,0:25:38
697,0:25:32,45.0,1.0,7.0,0:25:36
698,0:25:30,46.0,1.0,7.0,0:25:32
699,0:25:03,47.0,1.0,7.0,0:25:30
700,0:24:58,48.0,1.0,7.0,0:25:03
701,0:24:42,49.0,1.0,7.0,0:24:58
702,0:24:18,50.0,1.0,7.0,0:24:42
703,0:24:12,51.0,1.0,7.0,0:24:18
704,0:23:57,52.0,1.0,7.0,0:24:12
705,0:23:51,53.0,1.0,7.0,0:23:57
706,0:23:39,54.0,1.0,7.0,0:23:51
707,0:23:25,55.0,1.0,7.0,0:23:39
708,0:23:20,56.0,1.0,7.0,0:23:25
709,0:23:09,57.0,1.0,7.0,0:23:20
710,0:22:39,58.0,1.0,7.0,0:23:09
711,0:22:27,59.0,1.0,7.0,0:22:39
712,0:22:25,60.0,1.0,7.0,0:22:27
713,0:22:11,61.0,1.0,7.0,0:22:25
714,0:21:31,62.0,1.0,7.0,0:22:11
715,0:21:26,63.0,1.0,7.0,0:21:31
716,0:21:17,64.0,1.0,7.0,0:21:26
717,0:20:38,65.0,1.0,7.0,0:21:17
718,0:20:24,66.0,1.0,7.0,0:20:38
719,0:20:15,67.0,1.0,7.0,0:20:24
720,0:20:10,68.0,1.0,7.0,0:20:15
721,0:19:58,69.0,1.0,7.0,0:20:10
722,0:19:34,70.0,1.0,7.0,0:19:58
723,0:18:40,71.0,1.0,7.0,0:19:34
724,0:17:58,72.0,1.0,7.0,0:18:40
725,0:17:25,73.0,1.0,7.0,0:17:58
726,0:16:56,74.0,1.0,7.0,0:17:25
727,0:16:28,75.0,1.0,7.0,0:16:56
728,0:16:26,76.0,1.0,7.0,0:16:28
729,0:16:23,77.0,1.0,7.0,0:16:26
730,0:16:20,78.0,1.0,7.0,0:16:23
731,0:16:15,79.0,1.0,7.0,0:16:20
732,0:16:11,80.0,1.0,7.0,0:16:15
733,0:16:08,81.0,1.0,7.0,0:16:11
734,0:16:05,82.0,1.0,7.0,0:16:08
735,0:15:58,83.0,1.0,7.0,0:16:05
736,0:15:57,84.0,1.0,7.0,0:15:58
737,0:15:55,85.0,1.0,7.0,0:15:57
738,0:15:52,86.0,1.0,7.0,0:15:55
739,0:15:50,87.0,1.0,7.0,0:15:52
740,0:15:17,88.0,1.0,7.0,0:15:50
741,0:15:08,89.0,1.0,7.0,0:15:17
742,0:14:35,90.0,1.0,7.0,0:15:08
743,0:14:10,91.0,1.0,7.0,0:14:35
744,0:12:52,92.0,1.0,7.0,0:14:10
745,0:11:49,93.0,1.0,7.0,0:12:52
746,0:11:23,94.0,1.0,7.0,0:11:49
747,0:10:49,95.0,1.0,7.0,0:11:23
748,0:09:51,96.0,1.0,7.0,0:10:49
749,0:09:05,97.0,1.0,7.0,0:09:51
750,0:09:01,98.0,1.0,7.0,0:09:05
751,0:08:36,99.0,1.0,7.0,0:09:01
752,0:08:26,100.0,1.0,7.0,0:08:36
753,0:08:19,101.0,1.0,7.0,0:08:26
754,0:08:11,102.0,1.0,7.0,0:08:19
755,0:08:09,103.0,1.0,7.0,0:08:11
756,0:08:04,104.0,1.0,7.0,0:08:09
757,0:07:55,105.0,1.0,7.0,0:08:04
758,0:07:52,106.0,1.0,7.0,0:07:55
759,0:07:43,107.0,1.0,7.0,0:07:52
760,0:07:40,108.0,1.0,7.0,0:07:43
761,0:07:12,109.0,1.0,7.0,0:07:40
762,0:07:01,110.0,1.0,7.0,0:07:12
763,0:06:57,111.0,1.0,7.0,0:07:01
764,0:06:54,112.0,1.0,7.0,0:06:57
765,0:06:52,113.0,1.0,7.0,0:06:54
766,0:06:44,114.0,1.0,7.0,0:06:52
767,0:06:34,115.0,1.0,7.0,0:06:44
768,0:06:12,116.0,1.0,7.0,0:06:34
769,0:05:50,117.0,1.0,7.0,0:06:12
770,0:05:39,118.0,1.0,7.0,0:05:50
771,0:05:01,119.0,1.0,7.0,0:05:39
772,0:04:00,120.0,1.0,7.0,0:05:01
773,0:03:41,121.0,1.0,7.0,0:04:00
774,0:03:25,122.0,1.0,7.0,0:03:41
775,0:03:03,123.0,1.0,7.0,0:03:25
776,0:02:23,124.0,1.0,7.0,0:03:03
777,0:54:20,0.0,1.0,8.0,0:54:35
778,0:54:08,1.0,1.0,8.0,0:54:20
779,0:52:09,2.0,1.0,8.0,0:54:08
780,0:50:23,3.0,1.0,8.0,0:52:09
781,0:50:10,4.0,1.0,8.0,0:50:23
782,0:50:03,5.0,1.0,8.0,0:50:10
783,0:49:34,6.0,1.0,8.0,0:50:03
784,0:49:27,7.0,1.0,8.0,0:49:34
785,0:48:14,8.0,1.0,8.0,0:49:27
786,0:47:14,9.0,1.0,8.0,0:48:14
787,0:47:10,10.0,1.0,8.0,0:47:14
788,0:46:58,11.0,1.0,8.0,0:47:10
789,0:46:35,12.0,1.0,8.0,0:46:58
790,0:46:22,13.0,1.0,8.0,0:46:35
791,0:46:08,14.0,1.0,8.0,0:46:22
792,0:45:59,15.0,1.0,8.0,0:46:08
793,0:45:50,16.0,1.0,8.0,0:45:59
794,0:45:40,17.0,1.0,8.0,0:45:50
795,0:45:09,18.0,1.0,8.0,0:45:40
796,0:43:21,19.0,1.0,8.0,0:44:02
797,0:42:45,20.0,1.0,8.0,0:43:21
798,0:42:22,21.0,1.0,8.0,0:42:45
799,0:41:51,22.0,1.0,8.0,0:42:22
800,0:41:13,23.0,1.0,8.0,0:41:51
801,0:41:09,24.0,1.0,8.0,0:41:13
802,0:41:04,25.0,1.0,8.0,0:41:09
803,0:39:50,26.0,1.0,8.0,0:41:04
804,0:39:18,27.0,1.0,8.0,0:39:30
805,0:38:45,28.0,1.0,8.0,0:39:18
806,0:38:29,29.0,1.0,8.0,0:38:45
807,0:37:58,30.0,1.0,8.0,0:38:29
808,0:37:39,31.0,1.0,8.0,0:37:58
809,0:36:33,32.0,1.0,8.0,0:37:39
810,0:36:12,33.0,1.0,8.0,0:36:33
811,0:35:56,34.0,1.0,8.0,0:36:12
812,0:35:48,35.0,1.0,8.0,0:35:56
813,0:34:56,36.0,1.0,8.0,0:35:48
814,0:34:38,37.0,1.0,8.0,0:34:56
815,0:34:23,38.0,1.0,8.0,0:34:38
816,0:33:54,39.0,1.0,8.0,0:34:23
817,0:33:25,40.0,1.0,8.0,0:33:54
818,0:33:19,41.0,1.0,8.0,0:33:25
819,0:33:16,42.0,1.0,8.0,0:33:19
820,0:32:41,43.0,1.0,8.0,0:33:16
821,0:32:16,44.0,1.0,8.0,0:32:41
822,0:32:08,45.0,1.0,8.0,0:32:16
823,0:32:02,46.0,1.0,8.0,0:32:08
824,0:31:58,47.0,1.0,8.0,0:32:02
825,0:31:47,48.0,1.0,8.0,0:31:58
826,0:31:40,49.0,1.0,8.0,0:31:47
827,0:31:36,50.0,1.0,8.0,0:31:40
828,0:31:26,51.0,1.0,8.0,0:31:36
829,0:31:17,52.0,1.0,8.0,0:31:26
830,0:31:14,53.0,1.0,8.0,0:31:17
831,0:31:09,54.0,1.0,8.0,0:31:14
832,0:30:52,55.0,1.0,8.0,0:31:09
833,0:30:39,56.0,1.0,8.0,0:30:52
834,0:28:30,57.0,1.0,8.0,0:30:39
835,0:28:12,58.0,1.0,8.0,0:28:30
836,0:28:02,59.0,1.0,8.0,0:28:12
837,0:28:00,60.0,1.0,8.0,0:28:02
838,0:27:48,61.0,1.0,8.0,0:28:00
839,0:27:43,62.0,1.0,8.0,0:27:48
840,0:27:34,63.0,1.0,8.0,0:27:43
841,0:27:19,64.0,1.0,8.0,0:27:34
842,0:26:52,65.0,1.0,8.0,0:27:19
843,0:26:40,66.0,1.0,8.0,0:26:52
844,0:25:55,67.0,1.0,8.0,0:26:40
845,0:25:27,68.0,1.0,8.0,0:25:55
846,0:24:11,69.0,1.0,8.0,0:25:27
847,0:23:58,70.0,1.0,8.0,0:24:11
848,0:23:42,71.0,1.0,8.0,0:23:58
849,0:23:32,72.0,1.0,8.0,0:23:42
850,0:22:24,73.0,1.0,8.0,0:23:32
851,0:22:22,74.0,1.0,8.0,0:22:24
852,0:22:13,75.0,1.0,8.0,0:22:22
853,0:21:57,76.0,1.0,8.0,0:22:13
854,0:21:56,77.0,1.0,8.0,0:21:57
855,0:21:36,78.0,1.0,8.0,0:21:56
856,0:21:30,79.0,1.0,8.0,0:21:36
857,0:20:26,80.0,1.0,8.0,0:21:30
858,0:17:59,81.0,1.0,8.0,0:20:26
859,0:17:31,82.0,1.0,8.0,0:17:59
860,0:16:38,83.0,1.0,8.0,0:17:31
861,0:16:31,84.0,1.0,8.0,0:16:38
862,0:16:22,85.0,1.0,8.0,0:16:31
863,0:16:13,86.0,1.0,8.0,0:16:22
864,0:16:12,87.0,1.0,8.0,0:16:13
865,0:16:11,88.0,1.0,8.0,0:16:12
866,0:16:09,89.0,1.0,8.0,0:16:11
867,0:16:08,90.0,1.0,8.0,0:16:09
868,0:16:07,91.0,1.0,8.0,0:16:08
869,0:16:06,92.0,1.0,8.0,0:16:07
870,0:15:26,93.0,1.0,8.0,0:16:06
871,0:14:58,94.0,1.0,8.0,0:15:26
872,0:14:31,95.0,1.0,8.0,0:14:58
873,0:13:06,96.0,1.0,8.0,0:14:31
874,0:12:18,97.0,1.0,8.0,0:13:06
875,0:11:27,98.0,1.0,8.0,0:12:18
876,0:11:15,99.0,1.0,8.0,0:11:27
877,0:11:07,100.0,1.0,8.0,0:11:15
878,0:10:29,101.0,1.0,8.0,0:11:07
879,0:10:10,102.0,1.0,8.0,0:10:29
880,0:09:51,103.0,1.0,8.0,0:10:10
881,0:08:36,104.0,1.0,8.0,0:09:51
882,0:08:18,105.0,1.0,8.0,0:08:36
883,0:07:59,106.0,1.0,8.0,0:08:18
884,0:07:47,107.0,1.0,8.0,0:07:59
885,0:07:10,108.0,1.0,8.0,0:07:47
886,0:06:41,109.0,1.0,8.0,0:07:10
887,0:06:18,110.0,1.0,8.0,0:06:41
888,0:05:35,111.0,1.0,8.0,0:06:18
889,0:04:36,112.0,1.0,8.0,0:05:35
890,0:04:32,113.0,1.0,8.0,0:04:36
891,0:03:44,114.0,1.0,8.0,0:04:32
892,0:03:39,115.0,1.0,8.0,0:03:44
893,0:03:15,116.0,1.0,8.0,0:03:39
894,0:03:12,117.0,1.0,8.0,0:03:15
895,0:02:59,118.0,1.0,8.0,0:03:12
896,0:02:21,119.0,1.0,8.0,0:02:59
897,0:47:08,0.0,2.0,1.0,0:47:41
898,0:46:58,1.0,2.0,1.0,0:47:08
899,0:46:56,2.0,2.0,1.0,0:46:58
900,0:46:49,3.0,2.0,1.0,0:46:56
901,0:46:43,4.0,2.0,1.0,0:46:49
902,0:46:41,5.0,2.0,1.0,0:46:43
903,0:46:33,6.0,2.0,1.0,0:46:41
904,0:46:29,7.0,2.0,1.0,0:46:33
905,0:46:27,8.0,2.0,1.0,0:46:29
906,0:46:15,9.0,2.0,1.0,0:46:27
907,0:45:56,10.0,2.0,1.0,0:46:15
908,0:45:55,11.0,2.0,1.0,0:45:56
909,0:45:40,12.0,2.0,1.0,0:45:55
910,0:45:36,13.0,2.0,1.0,0:45:40
911,0:45:20,14.0,2.0,1.0,0:45:36
912,0:44:44,15.0,2.0,1.0,0:45:20
913,0:44:27,16.0,2.0,1.0,0:44:44
914,0:43:15,17.0,2.0,1.0,0:43:23
915,0:43:12,18.0,2.0,1.0,0:43:15
916,0:42:52,19.0,2.0,1.0,0:43:12
917,0:42:49,20.0,2.0,1.0,0:42:52
918,0:42:46,21.0,2.0,1.0,0:42:49
919,0:42:43,22.0,2.0,1.0,0:42:46
920,0:42:41,23.0,2.0,1.0,0:42:43
921,0:42:39,24.0,2.0,1.0,0:42:41
922,0:42:38,25.0,2.0,1.0,0:42:39
923,0:42:35,26.0,2.0,1.0,0:42:38
924,0:42:32,27.0,2.0,1.0,0:42:35
925,0:42:29,28.0,2.0,1.0,0:42:32
926,0:42:26,29.0,2.0,1.0,0:42:29
927,0:42:25,30.0,2.0,1.0,0:42:26
928,0:42:20,31.0,2.0,1.0,0:42:25
929,0:42:18,32.0,2.0,1.0,0:42:20
930,0:42:10,33.0,2.0,1.0,0:42:18
931,0:41:56,34.0,2.0,1.0,0:42:10
932,0:41:53,35.0,2.0,1.0,0:41:56
933,0:41:43,36.0,2.0,1.0,0:41:53
934,0:41:39,37.0,2.0,1.0,0:41:43
935,0:41:26,38.0,2.0,1.0,0:41:39
936,0:41:22,39.0,2.0,1.0,0:41:26
937,0:41:00,40.0,2.0,1.0,0:41:22
938,0:40:56,41.0,2.0,1.0,0:41:00
939,0:40:19,42.0,2.0,1.0,0:40:56
940,0:39:25,43.0,2.0,1.0,0:40:19
941,0:39:17,44.0,2.0,1.0,0:39:25
942,0:38:39,45.0,2.0,1.0,0:39:17
943,0:38:19,46.0,2.0,1.0,0:38:39
944,0:38:17,47.0,2.0,1.0,0:38:19
945,0:38:03,48.0,2.0,1.0,0:38:17
946,0:37:57,49.0,2.0,1.0,0:38:03
947,0:37:25,50.0,2.0,1.0,0:37:57
948,0:37:00,51.0,2.0,1.0,0:37:25
949,0:36:04,52.0,2.0,1.0,0:37:00
950,0:36:02,53.0,2.0,1.0,0:36:04
951,0:35:59,54.0,2.0,1.0,0:36:02
952,0:35:56,55.0,2.0,1.0,0:35:59
953,0:35:35,56.0,2.0,1.0,0:35:56
954,0:33:46,57.0,2.0,1.0,0:35:35
955,0:33:38,58.0,2.0,1.0,0:33:46
956,0:33:12,59.0,2.0,1.0,0:33:38
957,0:32:58,60.0,2.0,1.0,0:33:12
958,0:32:40,61.0,2.0,1.0,0:32:58
959,0:32:18,62.0,2.0,1.0,0:32:40
960,0:32:12,63.0,2.0,1.0,0:32:18
961,0:31:43,64.0,2.0,1.0,0:32:12
962,0:31:40,65.0,2.0,1.0,0:31:43
963,0:31:35,66.0,2.0,1.0,0:31:40
964,0:30:17,67.0,2.0,1.0,0:31:35
965,0:30:03,68.0,2.0,1.0,0:30:17
966,0:29:06,69.0,2.0,1.0,0:30:03
967,0:28:23,70.0,2.0,1.0,0:29:06
968,0:28:20,71.0,2.0,1.0,0:28:23
969,0:28:04,72.0,2.0,1.0,0:28:20
970,0:27:40,73.0,2.0,1.0,0:28:04
971,0:27:10,74.0,2.0,1.0,0:27:40
972,0:26:29,75.0,2.0,1.0,0:27:10
973,0:26:09,76.0,2.0,1.0,0:26:29
974,0:26:01,77.0,2.0,1.0,0:26:09
975,0:25:47,78.0,2.0,1.0,0:26:01
976,0:25:40,79.0,2.0,1.0,0:25:47
977,0:25:33,80.0,2.0,1.0,0:25:40
978,0:25:29,81.0,2.0,1.0,0:25:33
979,0:25:26,82.0,2.0,1.0,0:25:29
980,0:25:19,83.0,2.0,1.0,0:25:26
981,0:24:36,84.0,2.0,1.0,0:25:19
982,0:24:06,85.0,2.0,1.0,0:24:36
983,0:24:02,86.0,2.0,1.0,0:24:06
984,0:23:30,87.0,2.0,1.0,0:24:02
985,0:21:41,88.0,2.0,1.0,0:23:30
986,0:21:26,89.0,2.0,1.0,0:21:41
987,0:20:07,90.0,2.0,1.0,0:21:26
988,0:19:29,91.0,2.0,1.0,0:20:07
989,0:19:19,92.0,2.0,1.0,0:19:29
990,0:19:11,93.0,2.0,1.0,0:19:19
991,0:19:08,94.0,2.0,1.0,0:19:11
992,0:19:01,95.0,2.0,1.0,0:19:08
993,0:18:49,96.0,2.0,1.0,0:19:01
994,0:18:44,97.0,2.0,1.0,0:18:49
995,0:18:14,98.0,2.0,1.0,0:18:44
996,0:18:05,99.0,2.0,1.0,0:18:14
997,0:17:37,100.0,2.0,1.0,0:18:05
998,0:17:29,101.0,2.0,1.0,0:17:37
999,0:17:24,102.0,2.0,1.0,0:17:29
1000,0:17:19,103.0,2.0,1.0,0:17:24
1001,0:17:17,104.0,2.0,1.0,0:17:19
1002,0:17:09,105.0,2.0,1.0,0:17:17
1003,0:17:00,106.0,2.0,1.0,0:17:09
1004,0:16:56,107.0,2.0,1.0,0:17:00
1005,0:16:10,108.0,2.0,1.0,0:16:56
1006,0:15:54,109.0,2.0,1.0,0:16:10
1007,0:14:09,110.0,2.0,1.0,0:15:54
1008,0:13:58,111.0,2.0,1.0,0:14:09
1009,0:13:24,112.0,2.0,1.0,0:13:58
1010,0:11:48,113.0,2.0,1.0,0:13:24
1011,0:11:44,114.0,2.0,1.0,0:11:48
1012,0:11:40,115.0,2.0,1.0,0:11:44
1013,0:11:23,116.0,2.0,1.0,0:11:40
1014,0:10:47,117.0,2.0,1.0,0:11:23
1015,0:10:35,118.0,2.0,1.0,0:10:47
1016,0:10:32,119.0,2.0,1.0,0:10:35
1017,0:08:40,120.0,2.0,1.0,0:10:32
1018,0:08:27,121.0,2.0,1.0,0:08:40
1019,0:07:47,122.0,2.0,1.0,0:08:27
1020,0:07:39,123.0,2.0,1.0,0:07:47
1021,0:07:20,124.0,2.0,1.0,0:07:39
1022,0:07:01,125.0,2.0,1.0,0:07:20
1023,0:05:46,126.0,2.0,1.0,0:07:01
1024,0:05:22,127.0,2.0,1.0,0:05:46
1025,0:04:35,128.0,2.0,1.0,0:05:22
1026,0:03:32,129.0,2.0,1.0,0:04:35
1027,0:02:46,130.0,2.0,1.0,0:03:32
1028,0:55:22,0.0,2.0,2.0,0:55:33
1029,0:53:20,1.0,2.0,2.0,0:55:22
1030,0:53:16,2.0,2.0,2.0,0:53:20
1031,0:52:37,3.0,2.0,2.0,0:53:16
1032,0:52:03,4.0,2.0,2.0,0:52:37
1033,0:51:37,5.0,2.0,2.0,0:52:03
1034,0:51:08,6.0,2.0,2.0,0:51:37
1035,0:51:06,7.0,2.0,2.0,0:51:08
1036,0:51:03,8.0,2.0,2.0,0:51:06
1037,0:51:01,9.0,2.0,2.0,0:51:03
1038,0:50:53,10.0,2.0,2.0,0:51:01
1039,0:50:49,11.0,2.0,2.0,0:50:53
1040,0:50:47,12.0,2.0,2.0,0:50:49
1041,0:50:44,13.0,2.0,2.0,0:50:47
1042,0:50:41,14.0,2.0,2.0,0:50:44
1043,0:50:27,15.0,2.0,2.0,0:50:41
1044,0:49:51,16.0,2.0,2.0,0:50:27
1045,0:48:43,17.0,2.0,2.0,0:48:47
1046,0:46:19,18.0,2.0,2.0,0:48:43
1047,0:46:15,19.0,2.0,2.0,0:46:19
1048,0:46:10,20.0,2.0,2.0,0:46:15
1049,0:45:59,21.0,2.0,2.0,0:46:10
1050,0:45:49,22.0,2.0,2.0,0:45:59
1051,0:45:08,23.0,2.0,2.0,0:45:49
1052,0:45:00,24.0,2.0,2.0,0:45:08
1053,0:44:52,25.0,2.0,2.0,0:45:00
1054,0:44:34,26.0,2.0,2.0,0:44:52
1055,0:44:25,27.0,2.0,2.0,0:44:34
1056,0:44:18,28.0,2.0,2.0,0:44:25
1057,0:43:22,29.0,2.0,2.0,0:44:18
1058,0:43:10,30.0,2.0,2.0,0:43:22
1059,0:42:32,31.0,2.0,2.0,0:43:10
1060,0:42:23,32.0,2.0,2.0,0:42:32
1061,0:40:19,33.0,2.0,2.0,0:42:23
1062,0:40:15,34.0,2.0,2.0,0:40:19
1063,0:39:51,35.0,2.0,2.0,0:40:15
1064,0:39:40,36.0,2.0,2.0,0:39:51
1065,0:39:04,37.0,2.0,2.0,0:39:40
1066,0:38:40,38.0,2.0,2.0,0:39:04
1067,0:38:29,39.0,2.0,2.0,0:38:40
1068,0:38:02,40.0,2.0,2.0,0:38:29
1069,0:37:51,41.0,2.0,2.0,0:38:02
1070,0:36:16,42.0,2.0,2.0,0:37:51
1071,0:36:09,43.0,2.0,2.0,0:36:16
1072,0:34:45,44.0,2.0,2.0,0:36:09
1073,0:34:31,45.0,2.0,2.0,0:34:45
1074,0:33:36,46.0,2.0,2.0,0:34:31
1075,0:33:21,47.0,2.0,2.0,0:33:36
1076,0:32:51,48.0,2.0,2.0,0:33:21
1077,0:32:27,49.0,2.0,2.0,0:32:51
1078,0:32:21,50.0,2.0,2.0,0:32:27
1079,0:32:18,51.0,2.0,2.0,0:32:21
1080,0:31:56,52.0,2.0,2.0,0:32:18
1081,0:30:54,53.0,2.0,2.0,0:31:56
1082,0:30:24,54.0,2.0,2.0,0:30:54
1083,0:29:10,55.0,2.0,2.0,0:30:24
1084,0:29:08,56.0,2.0,2.0,0:29:10
1085,0:28:55,57.0,2.0,2.0,0:29:08
1086,0:28:53,58.0,2.0,2.0,0:28:55
1087,0:28:49,59.0,2.0,2.0,0:28:53
1088,0:28:47,60.0,2.0,2.0,0:28:49
1089,0:28:46,61.0,2.0,2.0,0:28:47
1090,0:28:43,62.0,2.0,2.0,0:28:46
1091,0:28:39,63.0,2.0,2.0,0:28:43
1092,0:28:33,64.0,2.0,2.0,0:28:39
1093,0:28:28,65.0,2.0,2.0,0:28:33
1094,0:28:21,66.0,2.0,2.0,0:28:28
1095,0:27:58,67.0,2.0,2.0,0:28:21
1096,0:27:35,68.0,2.0,2.0,0:27:58
1097,0:27:29,69.0,2.0,2.0,0:27:35
1098,0:27:24,70.0,2.0,2.0,0:27:29
1099,0:27:19,71.0,2.0,2.0,0:27:24
1100,0:27:15,72.0,2.0,2.0,0:27:19
1101,0:27:05,73.0,2.0,2.0,0:27:15
1102,0:27:01,74.0,2.0,2.0,0:27:05
1103,0:26:51,75.0,2.0,2.0,0:27:01
1104,0:26:47,76.0,2.0,2.0,0:26:51
1105,0:26:18,77.0,2.0,2.0,0:26:47
1106,0:25:51,78.0,2.0,2.0,0:26:18
1107,0:25:41,79.0,2.0,2.0,0:25:51
1108,0:25:24,80.0,2.0,2.0,0:25:41
1109,0:24:57,81.0,2.0,2.0,0:25:24
1110,0:24:54,82.0,2.0,2.0,0:24:57
1111,0:24:12,83.0,2.0,2.0,0:24:54
1112,0:24:07,84.0,2.0,2.0,0:24:12
1113,0:23:22,85.0,2.0,2.0,0:24:07
1114,0:23:18,86.0,2.0,2.0,0:23:22
1115,0:21:17,87.0,2.0,2.0,0:23:18
1116,0:21:07,88.0,2.0,2.0,0:21:17
1117,0:20:49,89.0,2.0,2.0,0:21:07
1118,0:20:22,90.0,2.0,2.0,0:20:49
1119,0:20:03,91.0,2.0,2.0,0:20:22
1120,0:19:40,92.0,2.0,2.0,0:20:03
1121,0:18:45,93.0,2.0,2.0,0:19:40
1122,0:18:02,94.0,2.0,2.0,0:18:45
1123,0:17:15,95.0,2.0,2.0,0:18:02
1124,0:17:12,96.0,2.0,2.0,0:17:15
1125,0:17:04,97.0,2.0,2.0,0:17:12
1126,0:16:25,98.0,2.0,2.0,0:17:04
1127,0:16:09,99.0,2.0,2.0,0:16:25
1128,0:16:02,100.0,2.0,2.0,0:16:09
1129,0:15:56,101.0,2.0,2.0,0:16:02
1130,0:15:23,102.0,2.0,2.0,0:15:56
1131,0:14:45,103.0,2.0,2.0,0:15:23
1132,0:14:41,104.0,2.0,2.0,0:14:45
1133,0:14:19,105.0,2.0,2.0,0:14:41
1134,0:14:01,106.0,2.0,2.0,0:14:19
1135,0:13:36,107.0,2.0,2.0,0:14:01
1136,0:13:21,108.0,2.0,2.0,0:13:36
1137,0:12:56,109.0,2.0,2.0,0:13:21
1138,0:11:40,110.0,2.0,2.0,0:12:56
1139,0:11:30,111.0,2.0,2.0,0:11:40
1140,0:11:23,112.0,2.0,2.0,0:11:30
1141,0:11:15,113.0,2.0,2.0,0:11:23
1142,0:10:51,114.0,2.0,2.0,0:11:15
1143,0:10:49,115.0,2.0,2.0,0:10:51
1144,0:10:42,116.0,2.0,2.0,0:10:49
1145,0:10:40,117.0,2.0,2.0,0:10:42
1146,0:10:31,118.0,2.0,2.0,0:10:40
1147,0:10:29,119.0,2.0,2.0,0:10:31
1148,0:09:13,120.0,2.0,2.0,0:10:29
1149,0:08:43,121.0,2.0,2.0,0:09:13
1150,0:07:52,122.0,2.0,2.0,0:08:43
1151,0:07:09,123.0,2.0,2.0,0:07:52
1152,0:06:02,124.0,2.0,2.0,0:07:09
1153,0:05:22,125.0,2.0,2.0,0:06:02
1154,0:04:38,126.0,2.0,2.0,0:05:32
1155,0:04:33,127.0,2.0,2.0,0:04:38
1156,0:04:24,128.0,2.0,2.0,0:04:33
1157,0:04:23,129.0,2.0,2.0,0:04:24
1158,0:04:21,130.0,2.0,2.0,0:04:23
1159,0:04:20,131.0,2.0,2.0,0:04:21
1160,0:04:14,132.0,2.0,2.0,0:04:20
1161,0:03:59,133.0,2.0,2.0,0:04:14
1162,0:03:49,134.0,2.0,2.0,0:03:59
1163,0:02:54,135.0,2.0,2.0,0:03:49
1164,0:50:15,0.0,2.0,3.0,0:50:29
1165,0:49:32,1.0,2.0,3.0,0:50:15
1166,0:49:10,2.0,2.0,3.0,0:49:32
1167,0:48:04,3.0,2.0,3.0,0:49:10
1168,0:47:20,4.0,2.0,3.0,0:48:04
1169,0:45:22,5.0,2.0,3.0,0:46:18
1170,0:43:11,6.0,2.0,3.0,0:45:22
1171,0:43:09,7.0,2.0,3.0,0:43:11
1172,0:43:01,8.0,2.0,3.0,0:43:09
1173,0:42:40,9.0,2.0,3.0,0:43:01
1174,0:42:30,10.0,2.0,3.0,0:42:40
1175,0:41:41,11.0,2.0,3.0,0:42:30
1176,0:41:34,12.0,2.0,3.0,0:41:41
1177,0:39:44,13.0,2.0,3.0,0:41:34
1178,0:39:10,14.0,2.0,3.0,0:39:44
1179,0:38:59,15.0,2.0,3.0,0:39:10
1180,0:38:47,16.0,2.0,3.0,0:38:59
1181,0:38:24,17.0,2.0,3.0,0:38:47
1182,0:37:35,18.0,2.0,3.0,0:38:24
1183,0:37:26,19.0,2.0,3.0,0:37:35
1184,0:36:47,20.0,2.0,3.0,0:37:26
1185,0:36:42,21.0,2.0,3.0,0:36:47
1186,0:36:37,22.0,2.0,3.0,0:36:42
1187,0:36:34,23.0,2.0,3.0,0:36:37
1188,0:35:46,24.0,2.0,3.0,0:36:34
1189,0:33:08,25.0,2.0,3.0,0:35:46
1190,0:32:20,26.0,2.0,3.0,0:33:08
1191,0:32:16,27.0,2.0,3.0,0:32:20
1192,0:32:13,28.0,2.0,3.0,0:32:16
1193,0:32:04,29.0,2.0,3.0,0:32:13
1194,0:32:00,30.0,2.0,3.0,0:32:04
1195,0:31:56,31.0,2.0,3.0,0:32:00
1196,0:31:48,32.0,2.0,3.0,0:31:56
1197,0:31:44,33.0,2.0,3.0,0:31:48
1198,0:31:25,34.0,2.0,3.0,0:31:44
1199,0:30:57,35.0,2.0,3.0,0:31:25
1200,0:30:50,36.0,2.0,3.0,0:30:57
1201,0:29:41,37.0,2.0,3.0,0:30:50
1202,0:29:36,38.0,2.0,3.0,0:29:41
1203,0:29:22,39.0,2.0,3.0,0:29:36
1204,0:27:36,40.0,2.0,3.0,0:29:22
1205,0:27:34,41.0,2.0,3.0,0:27:36
1206,0:27:31,42.0,2.0,3.0,0:27:34
1207,0:27:28,43.0,2.0,3.0,0:27:31
1208,0:27:25,44.0,2.0,3.0,0:27:28
1209,0:27:04,45.0,2.0,3.0,0:27:25
1210,0:24:39,46.0,2.0,3.0,0:27:04
1211,0:24:30,47.0,2.0,3.0,0:24:39
1212,0:23:21,48.0,2.0,3.0,0:24:30
1213,0:21:28,49.0,2.0,3.0,0:23:21
1214,0:21:09,50.0,2.0,3.0,0:21:28
1215,0:20:57,51.0,2.0,3.0,0:21:09
1216,0:19:56,52.0,2.0,3.0,0:20:57
1217,0:19:25,53.0,2.0,3.0,0:19:56
1218,0:19:20,54.0,2.0,3.0,0:19:25
1219,0:18:54,55.0,2.0,3.0,0:19:20
1220,0:18:49,56.0,2.0,3.0,0:18:54
1221,0:18:46,57.0,2.0,3.0,0:18:49
1222,0:18:44,58.0,2.0,3.0,0:18:46
1223,0:18:41,59.0,2.0,3.0,0:18:44
1224,0:18:39,60.0,2.0,3.0,0:18:41
1225,0:18:37,61.0,2.0,3.0,0:18:39
1226,0:18:30,62.0,2.0,3.0,0:18:37
1227,0:18:28,63.0,2.0,3.0,0:18:30
1228,0:18:26,64.0,2.0,3.0,0:18:28
1229,0:18:15,65.0,2.0,3.0,0:18:26
1230,0:18:12,66.0,2.0,3.0,0:18:15
1231,0:16:35,67.0,2.0,3.0,0:18:12
1232,0:16:28,68.0,2.0,3.0,0:16:35
1233,0:16:21,69.0,2.0,3.0,0:16:28
1234,0:15:58,70.0,2.0,3.0,0:16:21
1235,0:15:46,71.0,2.0,3.0,0:15:58
1236,0:15:24,72.0,2.0,3.0,0:15:46
1237,0:15:18,73.0,2.0,3.0,0:15:24
1238,0:14:19,74.0,2.0,3.0,0:15:18
1239,0:14:08,75.0,2.0,3.0,0:14:19
1240,0:13:57,76.0,2.0,3.0,0:14:08
1241,0:13:40,77.0,2.0,3.0,0:13:57
1242,0:13:39,78.0,2.0,3.0,0:13:40
1243,0:13:24,79.0,2.0,3.0,0:13:39
1244,0:12:54,80.0,2.0,3.0,0:13:24
1245,0:12:42,81.0,2.0,3.0,0:12:54
1246,0:12:36,82.0,2.0,3.0,0:12:42
1247,0:12:30,83.0,2.0,3.0,0:12:36
1248,0:12:28,84.0,2.0,3.0,0:12:30
1249,0:12:22,85.0,2.0,3.0,0:12:28
1250,0:12:20,86.0,2.0,3.0,0:12:22
1251,0:12:12,87.0,2.0,3.0,0:12:20
1252,0:12:02,88.0,2.0,3.0,0:12:12
1253,0:11:58,89.0,2.0,3.0,0:12:02
1254,0:11:48,90.0,2.0,3.0,0:11:58
1255,0:11:19,91.0,2.0,3.0,0:11:48
1256,0:11:17,92.0,2.0,3.0,0:11:19
1257,0:11:15,93.0,2.0,3.0,0:11:17
1258,0:11:11,94.0,2.0,3.0,0:11:15
1259,0:10:55,95.0,2.0,3.0,0:11:11
1260,0:10:24,96.0,2.0,3.0,0:10:55
1261,0:10:12,97.0,2.0,3.0,0:10:24
1262,0:09:58,98.0,2.0,3.0,0:10:12
1263,0:09:49,99.0,2.0,3.0,0:09:58
1264,0:09:46,100.0,2.0,3.0,0:09:49
1265,0:09:44,101.0,2.0,3.0,0:09:46
1266,0:09:36,102.0,2.0,3.0,0:09:44
1267,0:08:48,103.0,2.0,3.0,0:09:36
1268,0:07:57,104.0,2.0,3.0,0:08:48
1269,0:07:36,105.0,2.0,3.0,0:07:57
1270,0:07:09,106.0,2.0,3.0,0:07:36
1271,0:06:50,107.0,2.0,3.0,0:07:09
1272,0:06:43,108.0,2.0,3.0,0:06:50
1273,0:06:22,109.0,2.0,3.0,0:06:43
1274,0:06:10,110.0,2.0,3.0,0:06:22
1275,0:05:43,111.0,2.0,3.0,0:06:10
1276,0:05:21,112.0,2.0,3.0,0:05:43
1277,0:05:10,113.0,2.0,3.0,0:05:21
1278,0:04:41,114.0,2.0,3.0,0:05:10
1279,0:04:14,115.0,2.0,3.0,0:04:41
1280,0:04:03,116.0,2.0,3.0,0:04:14
1281,0:03:56,117.0,2.0,3.0,0:04:03
1282,0:03:53,118.0,2.0,3.0,0:03:56
1283,0:03:47,119.0,2.0,3.0,0:03:53
1284,0:03:44,120.0,2.0,3.0,0:03:47
1285,0:03:38,121.0,2.0,3.0,0:03:44
1286,0:03:31,122.0,2.0,3.0,0:03:38
1287,0:03:29,123.0,2.0,3.0,0:03:31
1288,0:03:00,124.0,2.0,3.0,0:03:29
1289,0:02:59,125.0,2.0,3.0,0:03:00
1290,0:02:56,126.0,2.0,3.0,0:02:59
1291,0:02:55,127.0,2.0,3.0,0:02:56
1292,0:02:53,128.0,2.0,3.0,0:02:55
1293,0:02:51,129.0,2.0,3.0,0:02:53
1294,0:02:50,130.0,2.0,3.0,0:02:51
1295,0:45:44,0.0,2.0,4.0,0:45:53
1296,0:45:39,1.0,2.0,4.0,0:45:44
1297,0:45:32,2.0,2.0,4.0,0:45:39
1298,0:45:26,3.0,2.0,4.0,0:45:32
1299,0:45:21,4.0,2.0,4.0,0:45:26
1300,0:45:07,5.0,2.0,4.0,0:45:21
1301,0:45:03,6.0,2.0,4.0,0:45:07
1302,0:45:00,7.0,2.0,4.0,0:45:03
1303,0:44:56,8.0,2.0,4.0,0:45:00
1304,0:44:53,9.0,2.0,4.0,0:44:56
1305,0:44:50,10.0,2.0,4.0,0:44:53
1306,0:44:49,11.0,2.0,4.0,0:44:50
1307,0:44:48,12.0,2.0,4.0,0:44:49
1308,0:44:47,13.0,2.0,4.0,0:44:48
1309,0:44:45,14.0,2.0,4.0,0:44:47
1310,0:44:43,15.0,2.0,4.0,0:44:45
1311,0:44:42,16.0,2.0,4.0,0:44:43
1312,0:44:41,17.0,2.0,4.0,0:44:42
1313,0:43:13,18.0,2.0,4.0,0:43:39
1314,0:43:10,19.0,2.0,4.0,0:43:13
1315,0:42:08,20.0,2.0,4.0,0:43:10
1316,0:42:05,21.0,2.0,4.0,0:42:08
1317,0:41:58,22.0,2.0,4.0,0:42:05
1318,0:41:56,23.0,2.0,4.0,0:41:58
1319,0:41:45,24.0,2.0,4.0,0:41:56
1320,0:41:43,25.0,2.0,4.0,0:41:45
1321,0:41:38,26.0,2.0,4.0,0:41:43
1322,0:41:36,27.0,2.0,4.0,0:41:38
1323,0:41:30,28.0,2.0,4.0,0:41:36
1324,0:41:28,29.0,2.0,4.0,0:41:30
1325,0:41:24,30.0,2.0,4.0,0:41:28
1326,0:41:23,31.0,2.0,4.0,0:41:24
1327,0:41:15,32.0,2.0,4.0,0:41:23
1328,0:41:14,33.0,2.0,4.0,0:41:15
1329,0:40:38,34.0,2.0,4.0,0:41:14
1330,0:40:34,35.0,2.0,4.0,0:40:38
1331,0:40:27,36.0,2.0,4.0,0:40:34
1332,0:40:06,37.0,2.0,4.0,0:40:27
1333,0:36:58,38.0,2.0,4.0,0:40:06
1334,0:36:50,39.0,2.0,4.0,0:36:58
1335,0:36:29,40.0,2.0,4.0,0:36:50
1336,0:36:15,41.0,2.0,4.0,0:36:29
1337,0:35:57,42.0,2.0,4.0,0:36:15
1338,0:35:40,43.0,2.0,4.0,0:35:57
1339,0:35:11,44.0,2.0,4.0,0:35:40
1340,0:35:06,45.0,2.0,4.0,0:35:11
1341,0:33:45,46.0,2.0,4.0,0:34:44
1342,0:33:32,47.0,2.0,4.0,0:33:45
1343,0:33:10,48.0,2.0,4.0,0:33:32
1344,0:32:56,49.0,2.0,4.0,0:33:10
1345,0:32:10,50.0,2.0,4.0,0:32:56
1346,0:32:02,51.0,2.0,4.0,0:32:10
1347,0:31:35,52.0,2.0,4.0,0:32:02
1348,0:31:34,53.0,2.0,4.0,0:31:35
1349,0:31:33,54.0,2.0,4.0,0:31:34
1350,0:31:32,55.0,2.0,4.0,0:31:33
1351,0:31:31,56.0,2.0,4.0,0:31:32
1352,0:30:53,57.0,2.0,4.0,0:31:31
1353,0:30:04,58.0,2.0,4.0,0:30:53
1354,0:29:35,59.0,2.0,4.0,0:30:04
1355,0:28:59,60.0,2.0,4.0,0:29:35
1356,0:28:25,61.0,2.0,4.0,0:28:59
1357,0:28:05,62.0,2.0,4.0,0:28:25
1358,0:28:03,63.0,2.0,4.0,0:28:05
1359,0:27:35,64.0,2.0,4.0,0:28:03
1360,0:26:23,65.0,2.0,4.0,0:27:35
1361,0:26:00,66.0,2.0,4.0,0:26:23
1362,0:25:42,67.0,2.0,4.0,0:26:00
1363,0:25:27,68.0,2.0,4.0,0:25:42
1364,0:24:16,69.0,2.0,4.0,0:25:27
1365,0:24:15,70.0,2.0,4.0,0:24:16
1366,0:24:04,71.0,2.0,4.0,0:24:15
1367,0:24:03,72.0,2.0,4.0,0:24:04
1368,0:24:00,73.0,2.0,4.0,0:24:03
1369,0:23:59,74.0,2.0,4.0,0:24:00
1370,0:23:56,75.0,2.0,4.0,0:23:59
1371,0:23:55,76.0,2.0,4.0,0:23:56
1372,0:23:31,77.0,2.0,4.0,0:23:55
1373,0:23:19,78.0,2.0,4.0,0:23:31
1374,0:23:07,79.0,2.0,4.0,0:23:19
1375,0:23:00,80.0,2.0,4.0,0:23:07
1376,0:22:41,81.0,2.0,4.0,0:23:00
1377,0:22:37,82.0,2.0,4.0,0:22:41
1378,0:21:40,83.0,2.0,4.0,0:22:37
1379,0:21:37,84.0,2.0,4.0,0:21:40
1380,0:19:57,85.0,2.0,4.0,0:21:37
1381,0:19:53,86.0,2.0,4.0,0:19:57
1382,0:19:39,87.0,2.0,4.0,0:19:53
1383,0:18:37,88.0,2.0,4.0,0:19:39
1384,0:17:16,89.0,2.0,4.0,0:18:37
1385,0:16:58,90.0,2.0,4.0,0:17:16
1386,0:16:17,91.0,2.0,4.0,0:16:58
1387,0:15:56,92.0,2.0,4.0,0:16:17
1388,0:15:02,93.0,2.0,4.0,0:15:56
1389,0:15:00,94.0,2.0,4.0,0:15:02
1390,0:13:43,95.0,2.0,4.0,0:15:00
1391,0:13:23,96.0,2.0,4.0,0:13:43
1392,0:13:20,97.0,2.0,4.0,0:13:23
1393,0:13:17,98.0,2.0,4.0,0:13:20
1394,0:13:16,99.0,2.0,4.0,0:13:17
1395,0:12:22,100.0,2.0,4.0,0:13:16
1396,0:12:15,101.0,2.0,4.0,0:12:22
1397,0:12:11,102.0,2.0,4.0,0:12:15
1398,0:11:48,103.0,2.0,4.0,0:12:11
1399,0:09:43,104.0,2.0,4.0,0:11:48
1400,0:08:33,105.0,2.0,4.0,0:09:43
1401,0:08:17,106.0,2.0,4.0,0:08:33
1402,0:07:48,107.0,2.0,4.0,0:08:17
1403,0:07:41,108.0,2.0,4.0,0:07:48
1404,0:07:34,109.0,2.0,4.0,0:07:41
1405,0:07:12,110.0,2.0,4.0,0:07:34
1406,0:07:00,111.0,2.0,4.0,0:07:12
1407,0:06:46,112.0,2.0,4.0,0:07:00
1408,0:05:56,113.0,2.0,4.0,0:06:46
1409,0:05:48,114.0,2.0,4.0,0:05:56
1410,0:05:38,115.0,2.0,4.0,0:05:48
1411,0:04:46,116.0,2.0,4.0,0:05:38
1412,0:04:32,117.0,2.0,4.0,0:04:46
1413,0:03:24,118.0,2.0,4.0,0:04:32
1414,0:02:56,119.0,2.0,4.0,0:03:24
1415,0:57:25,0.0,2.0,5.0,0:57:36
1416,0:56:25,1.0,2.0,5.0,0:57:25
1417,0:54:42,2.0,2.0,5.0,0:56:25
1418,0:53:10,3.0,2.0,5.0,0:54:42
1419,0:51:51,4.0,2.0,5.0,0:52:05
1420,0:51:19,5.0,2.0,5.0,0:51:51
1421,0:49:04,6.0,2.0,5.0,0:51:19
1422,0:48:54,7.0,2.0,5.0,0:49:04
1423,0:48:50,8.0,2.0,5.0,0:48:54
1424,0:48:39,9.0,2.0,5.0,0:48:50
1425,0:48:23,10.0,2.0,5.0,0:48:39
1426,0:46:41,11.0,2.0,5.0,0:48:23
1427,0:45:59,12.0,2.0,5.0,0:46:41
1428,0:45:53,13.0,2.0,5.0,0:45:59
1429,0:45:41,14.0,2.0,5.0,0:45:53
1430,0:45:32,15.0,2.0,5.0,0:45:41
1431,0:44:40,16.0,2.0,5.0,0:45:32
1432,0:43:34,17.0,2.0,5.0,0:44:40
1433,0:43:27,18.0,2.0,5.0,0:43:34
1434,0:43:25,19.0,2.0,5.0,0:43:27
1435,0:43:20,20.0,2.0,5.0,0:43:25
1436,0:43:18,21.0,2.0,5.0,0:43:20
1437,0:43:10,22.0,2.0,5.0,0:43:18
1438,0:43:08,23.0,2.0,5.0,0:43:10
1439,0:43:06,24.0,2.0,5.0,0:43:08
1440,0:42:59,25.0,2.0,5.0,0:43:06
1441,0:42:58,26.0,2.0,5.0,0:42:59
1442,0:42:54,27.0,2.0,5.0,0:42:58
1443,0:42:51,28.0,2.0,5.0,0:42:54
1444,0:42:47,29.0,2.0,5.0,0:42:51
1445,0:42:37,30.0,2.0,5.0,0:42:47
1446,0:42:32,31.0,2.0,5.0,0:42:37
1447,0:42:25,32.0,2.0,5.0,0:42:32
1448,0:41:58,33.0,2.0,5.0,0:42:25
1449,0:41:10,34.0,2.0,5.0,0:41:58
1450,0:40:35,35.0,2.0,5.0,0:41:10
1451,0:39:33,36.0,2.0,5.0,0:40:35
1452,0:39:18,37.0,2.0,5.0,0:39:33
1453,0:38:40,38.0,2.0,5.0,0:39:18
1454,0:37:13,39.0,2.0,5.0,0:38:40
1455,0:37:00,40.0,2.0,5.0,0:37:13
1456,0:36:55,41.0,2.0,5.0,0:37:00
1457,0:36:50,42.0,2.0,5.0,0:36:55
1458,0:36:30,43.0,2.0,5.0,0:36:50
1459,0:36:11,44.0,2.0,5.0,0:36:30
1460,0:35:14,45.0,2.0,5.0,0:36:11
1461,0:34:54,46.0,2.0,5.0,0:35:14
1462,0:34:19,47.0,2.0,5.0,0:34:54
1463,0:34:14,48.0,2.0,5.0,0:34:19
1464,0:34:12,49.0,2.0,5.0,0:34:19
1465,0:33:23,50.0,2.0,5.0,0:34:12
1466,0:32:33,51.0,2.0,5.0,0:33:23
1467,0:31:37,52.0,2.0,5.0,0:32:33
1468,0:30:58,53.0,2.0,5.0,0:31:37
1469,0:29:35,54.0,2.0,5.0,0:30:58
1470,0:29:09,55.0,2.0,5.0,0:29:35
1471,0:29:07,56.0,2.0,5.0,0:29:09
1472,0:29:05,57.0,2.0,5.0,0:29:07
1473,0:29:02,58.0,2.0,5.0,0:29:05
1474,0:29:00,59.0,2.0,5.0,0:29:02
1475,0:28:57,60.0,2.0,5.0,0:29:00
1476,0:28:53,61.0,2.0,5.0,0:28:57
1477,0:28:52,62.0,2.0,5.0,0:28:53
1478,0:28:50,63.0,2.0,5.0,0:28:53
1479,0:28:43,64.0,2.0,5.0,0:28:50
1480,0:28:39,65.0,2.0,5.0,0:28:43
1481,0:28:36,66.0,2.0,5.0,0:28:39
1482,0:28:29,67.0,2.0,5.0,0:28:36
1483,0:28:13,68.0,2.0,5.0,0:28:29
1484,0:28:11,69.0,2.0,5.0,0:28:13
1485,0:27:45,70.0,2.0,5.0,0:28:11
1486,0:27:38,71.0,2.0,5.0,0:27:45
1487,0:27:15,72.0,2.0,5.0,0:27:38
1488,0:25:25,73.0,2.0,5.0,0:27:15
1489,0:24:31,74.0,2.0,5.0,0:25:25
1490,0:23:28,75.0,2.0,5.0,0:24:31
1491,0:23:22,76.0,2.0,5.0,0:23:28
1492,0:23:05,77.0,2.0,5.0,0:23:22
1493,0:22:51,78.0,2.0,5.0,0:23:05
1494,0:22:50,79.0,2.0,5.0,0:22:51
1495,0:22:44,80.0,2.0,5.0,0:22:50
1496,0:22:43,81.0,2.0,5.0,0:22:44
1497,0:22:31,82.0,2.0,5.0,0:22:43
1498,0:22:19,83.0,2.0,5.0,0:22:31
1499,0:21:51,84.0,2.0,5.0,0:22:19
1500,0:20:30,85.0,2.0,5.0,0:21:51
1501,0:20:17,86.0,2.0,5.0,0:20:30
1502,0:19:14,87.0,2.0,5.0,0:20:17
1503,0:18:48,88.0,2.0,5.0,0:19:14
1504,0:17:48,89.0,2.0,5.0,0:18:48
1505,0:17:42,90.0,2.0,5.0,0:17:48
1506,0:17:19,91.0,2.0,5.0,0:17:42
1507,0:17:07,92.0,2.0,5.0,0:17:19
1508,0:13:08,93.0,2.0,5.0,0:17:07
1509,0:13:04,94.0,2.0,5.0,0:13:08
1510,0:12:23,95.0,2.0,5.0,0:13:04
1511,0:12:13,96.0,2.0,5.0,0:12:23
1512,0:11:40,97.0,2.0,5.0,0:12:13
1513,0:11:07,98.0,2.0,5.0,0:11:40
1514,0:10:43,99.0,2.0,5.0,0:11:07
1515,0:10:33,100.0,2.0,5.0,0:10:43
1516,0:10:24,101.0,2.0,5.0,0:10:33
1517,0:10:11,102.0,2.0,5.0,0:10:24
1518,0:10:08,103.0,2.0,5.0,0:10:11
1519,0:09:46,104.0,2.0,5.0,0:10:08
1520,0:09:45,105.0,2.0,5.0,0:09:46
1521,0:09:36,106.0,2.0,5.0,0:09:45
1522,0:09:24,107.0,2.0,5.0,0:09:36
1523,0:09:13,108.0,2.0,5.0,0:09:24
1524,0:08:59,109.0,2.0,5.0,0:09:13
1525,0:08:56,110.0,2.0,5.0,0:08:59
1526,0:08:34,111.0,2.0,5.0,0:08:56
1527,0:08:31,112.0,2.0,5.0,0:08:34
1528,0:08:03,113.0,2.0,5.0,0:08:31
1529,0:08:01,114.0,2.0,5.0,0:08:03
1530,0:07:57,115.0,2.0,5.0,0:08:01
1531,0:07:56,116.0,2.0,5.0,0:07:57
1532,0:07:54,117.0,2.0,5.0,0:07:56
1533,0:07:53,118.0,2.0,5.0,0:07:54
1534,0:07:52,119.0,2.0,5.0,0:07:53
1535,0:07:51,120.0,2.0,5.0,0:07:52
1536,0:07:50,121.0,2.0,5.0,0:07:51
1537,0:07:49,122.0,2.0,5.0,0:07:50
1538,0:07:46,123.0,2.0,5.0,0:07:49
1539,0:07:45,124.0,2.0,5.0,0:07:46
1540,0:07:44,125.0,2.0,5.0,0:07:45
1541,0:07:44,126.0,2.0,5.0,0:07:45
1542,0:07:36,127.0,2.0,5.0,0:07:44
1543,0:07:25,128.0,2.0,5.0,0:07:36
1544,0:07:21,129.0,2.0,5.0,0:07:25
1545,0:06:35,130.0,2.0,5.0,0:07:21
1546,0:06:04,131.0,2.0,5.0,0:06:35
1547,0:05:46,132.0,2.0,5.0,0:06:04
1548,0:04:59,133.0,2.0,5.0,0:05:46
1549,0:04:35,134.0,2.0,5.0,0:04:59
1550,0:04:20,135.0,2.0,5.0,0:04:35
1551,0:03:34,136.0,2.0,5.0,0:04:20
1552,0:03:24,137.0,2.0,5.0,0:03:34
1553,0:03:21,138.0,2.0,5.0,0:03:24
1554,0:03:19,139.0,2.0,5.0,0:03:21
1555,0:03:16,140.0,2.0,5.0,0:03:19
1556,0:03:14,141.0,2.0,5.0,0:03:16
1557,0:03:12,142.0,2.0,5.0,0:03:14
1558,0:03:10,143.0,2.0,5.0,0:03:12
1559,0:02:51,144.0,2.0,5.0,0:03:10
1560,0:51:14,0.0,2.0,6.0,0:51:23
1561,0:51:07,1.0,2.0,6.0,0:51:14
1562,0:51:02,2.0,2.0,6.0,0:51:07
1563,0:50:38,3.0,2.0,6.0,0:51:02
1564,0:50:32,4.0,2.0,6.0,0:50:38
1565,0:50:06,5.0,2.0,6.0,0:50:32
1566,0:49:56,6.0,2.0,6.0,0:50:06
1567,0:49:16,7.0,2.0,6.0,0:49:56
1568,0:48:51,8.0,2.0,6.0,0:49:16
1569,0:48:17,9.0,2.0,6.0,0:48:51
1570,0:48:10,10.0,2.0,6.0,0:48:17
1571,0:47:45,11.0,2.0,6.0,0:48:10
1572,0:47:40,12.0,2.0,6.0,0:47:45
1573,0:47:28,13.0,2.0,6.0,0:47:40
1574,0:46:05,14.0,2.0,6.0,0:46:25
1575,0:45:54,15.0,2.0,6.0,0:46:05
1576,0:45:45,16.0,2.0,6.0,0:45:54
1577,0:44:41,17.0,2.0,6.0,0:45:45
1578,0:44:34,18.0,2.0,6.0,0:44:41
1579,0:44:13,19.0,2.0,6.0,0:44:34
1580,0:41:42,20.0,2.0,6.0,0:44:13
1581,0:41:39,21.0,2.0,6.0,0:41:42
1582,0:41:34,22.0,2.0,6.0,0:41:39
1583,0:41:30,23.0,2.0,6.0,0:41:34
1584,0:41:27,24.0,2.0,6.0,0:41:30
1585,0:41:23,25.0,2.0,6.0,0:41:27
1586,0:41:17,26.0,2.0,6.0,0:41:23
1587,0:41:14,27.0,2.0,6.0,0:41:17
1588,0:40:15,28.0,2.0,6.0,0:41:14
1589,0:40:07,29.0,2.0,6.0,0:40:15
1590,0:40:00,30.0,2.0,6.0,0:40:07
1591,0:39:34,31.0,2.0,6.0,0:40:00
1592,0:39:26,32.0,2.0,6.0,0:39:34
1593,0:38:57,33.0,2.0,6.0,0:39:26
1594,0:38:50,34.0,2.0,6.0,0:38:57
1595,0:38:44,35.0,2.0,6.0,0:38:50
1596,0:38:41,36.0,2.0,6.0,0:38:44
1597,0:38:39,37.0,2.0,6.0,0:38:41
1598,0:38:35,38.0,2.0,6.0,0:38:39
1599,0:38:33,39.0,2.0,6.0,0:38:35
1600,0:38:32,40.0,2.0,6.0,0:38:33
1601,0:38:28,41.0,2.0,6.0,0:38:32
1602,0:38:26,42.0,2.0,6.0,0:38:28
1603,0:38:25,43.0,2.0,6.0,0:38:26
1604,0:38:20,44.0,2.0,6.0,0:38:25
1605,0:37:55,45.0,2.0,6.0,0:38:20
1606,0:37:31,46.0,2.0,6.0,0:37:55
1607,0:36:36,47.0,2.0,6.0,0:37:31
1608,0:36:22,48.0,2.0,6.0,0:36:36
1609,0:36:06,49.0,2.0,6.0,0:36:22
1610,0:35:57,50.0,2.0,6.0,0:36:06
1611,0:35:08,51.0,2.0,6.0,0:35:57
1612,0:35:06,52.0,2.0,6.0,0:35:08
1613,0:35:03,53.0,2.0,6.0,0:35:06
1614,0:34:32,54.0,2.0,6.0,0:35:03
1615,0:34:25,55.0,2.0,6.0,0:34:32
1616,0:33:38,56.0,2.0,6.0,0:34:25
1617,0:33:24,57.0,2.0,6.0,0:33:38
1618,0:33:07,58.0,2.0,6.0,0:33:24
1619,0:32:41,59.0,2.0,6.0,0:33:07
1620,0:32:39,60.0,2.0,6.0,0:32:41
1621,0:32:25,61.0,2.0,6.0,0:32:39
1622,0:32:18,62.0,2.0,6.0,0:32:25
1623,0:32:16,63.0,2.0,6.0,0:32:18
1624,0:32:11,64.0,2.0,6.0,0:32:16
1625,0:32:07,65.0,2.0,6.0,0:32:11
1626,0:32:02,66.0,2.0,6.0,0:32:07
1627,0:31:55,67.0,2.0,6.0,0:32:02
1628,0:31:48,68.0,2.0,6.0,0:31:55
1629,0:31:26,69.0,2.0,6.0,0:31:48
1630,0:31:05,70.0,2.0,6.0,0:31:26
1631,0:30:55,71.0,2.0,6.0,0:31:05
1632,0:30:37,72.0,2.0,6.0,0:30:55
1633,0:30:22,73.0,2.0,6.0,0:30:37
1634,0:30:16,74.0,2.0,6.0,0:30:22
1635,0:30:09,75.0,2.0,6.0,0:30:16
1636,0:29:28,76.0,2.0,6.0,0:30:09
1637,0:29:26,77.0,2.0,6.0,0:29:28
1638,0:29:19,78.0,2.0,6.0,0:29:26
1639,0:29:18,79.0,2.0,6.0,0:29:19
1640,0:28:45,80.0,2.0,6.0,0:29:18
1641,0:27:46,81.0,2.0,6.0,0:28:45
1642,0:27:34,82.0,2.0,6.0,0:27:46
1643,0:27:33,83.0,2.0,6.0,0:27:34
1644,0:27:25,84.0,2.0,6.0,0:27:33
1645,0:27:23,85.0,2.0,6.0,0:27:25
1646,0:27:12,86.0,2.0,6.0,0:27:23
1647,0:27:10,87.0,2.0,6.0,0:27:12
1648,0:27:04,88.0,2.0,6.0,0:27:10
1649,0:27:02,89.0,2.0,6.0,0:27:04
1650,0:27:00,90.0,2.0,6.0,0:27:02
1651,0:26:55,91.0,2.0,6.0,0:27:00
1652,0:26:38,92.0,2.0,6.0,0:26:55
1653,0:23:50,93.0,2.0,6.0,0:26:38
1654,0:23:21,94.0,2.0,6.0,0:23:50
1655,0:23:10,95.0,2.0,6.0,0:23:21
1656,0:22:56,96.0,2.0,6.0,0:23:10
1657,0:22:43,97.0,2.0,6.0,0:22:56
1658,0:22:22,98.0,2.0,6.0,0:22:43
1659,0:21:12,99.0,2.0,6.0,0:22:22
1660,0:21:05,100.0,2.0,6.0,0:21:12
1661,0:20:40,101.0,2.0,6.0,0:21:05
1662,0:20:30,102.0,2.0,6.0,0:20:40
1663,0:20:26,103.0,2.0,6.0,0:20:30
1664,0:20:24,104.0,2.0,6.0,0:20:26
1665,0:20:19,105.0,2.0,6.0,0:20:24
1666,0:20:18,106.0,2.0,6.0,0:20:19
1667,0:20:17,107.0,2.0,6.0,0:20:18
1668,0:20:16,108.0,2.0,6.0,0:20:17
1669,0:20:14,109.0,2.0,6.0,0:20:16
1670,0:20:13,110.0,2.0,6.0,0:20:14
1671,0:20:12,111.0,2.0,6.0,0:20:13
1672,0:20:11,112.0,2.0,6.0,0:20:12
1673,0:19:47,113.0,2.0,6.0,0:20:11
1674,0:19:16,114.0,2.0,6.0,0:19:47
1675,0:19:01,115.0,2.0,6.0,0:19:16
1676,0:18:30,116.0,2.0,6.0,0:19:01
1677,0:18:27,117.0,2.0,6.0,0:18:30
1678,0:18:17,118.0,2.0,6.0,0:18:27
1679,0:18:08,119.0,2.0,6.0,0:18:17
1680,0:17:52,120.0,2.0,6.0,0:18:08
1681,0:17:40,121.0,2.0,6.0,0:17:52
1682,0:17:11,122.0,2.0,6.0,0:17:40
1683,0:16:59,123.0,2.0,6.0,0:17:11
1684,0:16:45,124.0,2.0,6.0,0:16:59
1685,0:16:09,125.0,2.0,6.0,0:16:45
1686,0:16:01,126.0,2.0,6.0,0:16:09
1687,0:15:51,127.0,2.0,6.0,0:16:01
1688,0:15:42,128.0,2.0,6.0,0:15:51
1689,0:15:40,129.0,2.0,6.0,0:15:42
1690,0:15:23,130.0,2.0,6.0,0:15:40
1691,0:15:10,131.0,2.0,6.0,0:15:23
1692,0:14:55,132.0,2.0,6.0,0:15:10
1693,0:14:41,133.0,2.0,6.0,0:14:55
1694,0:14:28,134.0,2.0,6.0,0:14:41
1695,0:14:18,135.0,2.0,6.0,0:14:28
1696,0:14:12,136.0,2.0,6.0,0:14:18
1697,0:13:44,137.0,2.0,6.0,0:14:12
1698,0:13:15,138.0,2.0,6.0,0:13:44
1699,0:13:04,139.0,2.0,6.0,0:13:15
1700,0:10:44,140.0,2.0,6.0,0:13:04
1701,0:10:30,141.0,2.0,6.0,0:10:42
1702,0:10:28,142.0,2.0,6.0,0:10:30
1703,0:10:23,143.0,2.0,6.0,0:10:28
1704,0:10:21,144.0,2.0,6.0,0:10:23
1705,0:10:20,145.0,2.0,6.0,0:10:21
1706,0:10:18,146.0,2.0,6.0,0:10:20
1707,0:10:14,147.0,2.0,6.0,0:10:18
1708,0:10:12,148.0,2.0,6.0,0:10:14
1709,0:10:09,149.0,2.0,6.0,0:10:12
1710,0:10:06,150.0,2.0,6.0,0:10:09
1711,0:09:40,151.0,2.0,6.0,0:10:06
1712,0:09:19,152.0,2.0,6.0,0:09:40
1713,0:09:17,153.0,2.0,6.0,0:09:19
1714,0:09:08,154.0,2.0,6.0,0:09:17
1715,0:09:04,155.0,2.0,6.0,0:09:08
1716,0:08:51,156.0,2.0,6.0,0:09:04
1717,0:08:47,157.0,2.0,6.0,0:08:51
1718,0:08:28,158.0,2.0,6.0,0:08:47
1719,0:08:24,159.0,2.0,6.0,0:08:28
1720,0:08:21,160.0,2.0,6.0,0:08:24
1721,0:08:19,161.0,2.0,6.0,0:08:21
1722,0:08:16,162.0,2.0,6.0,0:08:19
1723,0:08:11,163.0,2.0,6.0,0:08:16
1724,0:08:10,164.0,2.0,6.0,0:08:11
1725,0:08:09,165.0,2.0,6.0,0:08:10
1726,0:08:01,166.0,2.0,6.0,0:08:09
1727,0:08:00,167.0,2.0,6.0,0:08:01
1728,0:06:47,168.0,2.0,6.0,0:08:00
1729,0:06:21,169.0,2.0,6.0,0:06:47
1730,0:06:06,170.0,2.0,6.0,0:06:21
1731,0:06:02,171.0,2.0,6.0,0:06:06
1732,0:05:39,172.0,2.0,6.0,0:06:02
1733,0:05:32,173.0,2.0,6.0,0:05:39
1734,0:05:16,174.0,2.0,6.0,0:05:32
1735,0:05:08,175.0,2.0,6.0,0:05:16
1736,0:05:00,176.0,2.0,6.0,0:05:08
1737,0:04:58,177.0,2.0,6.0,0:05:00
1738,0:04:26,178.0,2.0,6.0,0:04:58
1739,0:04:20,179.0,2.0,6.0,0:04:26
1740,0:04:15,180.0,2.0,6.0,0:04:40
1741,0:04:09,181.0,2.0,6.0,0:04:15
1742,0:04:07,182.0,2.0,6.0,0:04:09
1743,0:04:03,183.0,2.0,6.0,0:04:07
1744,0:03:58,184.0,2.0,6.0,0:04:03
1745,0:03:52,185.0,2.0,6.0,0:03:58
1746,0:03:41,186.0,2.0,6.0,0:03:52
1747,0:03:25,187.0,2.0,6.0,0:03:41
1748,0:03:22,188.0,2.0,6.0,0:03:25
1749,0:03:12,189.0,2.0,6.0,0:03:22
1750,0:03:08,190.0,2.0,6.0,0:03:12
1751,0:02:51,191.0,2.0,6.0,0:03:08
1752,0:44:59,0.0,2.0,7.0,0:45:11
1753,0:45:56,1.0,2.0,7.0,0:45:59
1754,0:44:54,2.0,2.0,7.0,0:45:56
1755,0:44:53,3.0,2.0,7.0,0:45:54
1756,0:44:52,4.0,2.0,7.0,0:44:53
1757,0:44:50,5.0,2.0,7.0,0:44:52
1758,0:44:43,6.0,2.0,7.0,0:44:50
1759,0:44:27,7.0,2.0,7.0,0:44:43
1760,0:44:13,8.0,2.0,7.0,0:44:27
1761,0:44:11,9.0,2.0,7.0,0:44:13
1762,0:44:08,10.0,2.0,7.0,0:44:11
1763,0:44:06,11.0,2.0,7.0,0:44:08
1764,0:43:50,12.0,2.0,7.0,0:44:06
1765,0:43:47,13.0,2.0,7.0,0:43:50
1766,0:43:42,14.0,2.0,7.0,0:43:47
1767,0:42:47,15.0,2.0,7.0,0:43:42
1768,0:42:22,16.0,2.0,7.0,0:42:47
1769,0:42:13,17.0,2.0,7.0,0:42:22
1770,0:41:53,18.0,2.0,7.0,0:42:13
1771,0:41:52,19.0,2.0,7.0,0:41:53
1772,0:41:48,20.0,2.0,7.0,0:41:52
1773,0:41:21,21.0,2.0,7.0,0:41:48
1774,0:41:06,22.0,2.0,7.0,0:41:21
1775,0:40:50,23.0,2.0,7.0,0:41:06
1776,0:40:25,24.0,2.0,7.0,0:40:50
1777,0:40:11,25.0,2.0,7.0,0:40:25
1778,0:38:51,26.0,2.0,7.0,0:39:08
1779,0:38:50,27.0,2.0,7.0,0:38:51
1780,0:38:48,28.0,2.0,7.0,0:38:50
1781,0:38:47,29.0,2.0,7.0,0:38:48
1782,0:38:40,30.0,2.0,7.0,0:38:47
1783,0:38:35,31.0,2.0,7.0,0:38:40
1784,0:38:21,32.0,2.0,7.0,0:38:35
1785,0:38:01,33.0,2.0,7.0,0:38:21
1786,0:37:58,34.0,2.0,7.0,0:38:01
1787,0:37:48,35.0,2.0,7.0,0:37:58
1788,0:37:34,36.0,2.0,7.0,0:37:48
1789,0:37:17,37.0,2.0,7.0,0:37:34
1790,0:37:06,38.0,2.0,7.0,0:37:17
1791,0:36:48,39.0,2.0,7.0,0:37:06
1792,0:36:33,40.0,2.0,7.0,0:36:48
1793,0:35:14,41.0,2.0,7.0,0:36:33
1794,0:33:57,42.0,2.0,7.0,0:35:14
1795,0:32:02,43.0,2.0,7.0,0:33:57
1796,0:31:59,44.0,2.0,7.0,0:32:02
1797,0:31:06,45.0,2.0,7.0,0:31:59
1798,0:30:54,46.0,2.0,7.0,0:31:06
1799,0:29:49,47.0,2.0,7.0,0:30:54
1800,0:29:40,48.0,2.0,7.0,0:29:49
1801,0:29:04,49.0,2.0,7.0,0:29:40
1802,0:28:47,50.0,2.0,7.0,0:29:04
1803,0:28:43,51.0,2.0,7.0,0:28:47
1804,0:27:36,52.0,2.0,7.0,0:28:43
1805,0:27:22,53.0,2.0,7.0,0:27:36
1806,0:27:19,54.0,2.0,7.0,0:27:22
1807,0:27:16,55.0,2.0,7.0,0:27:19
1808,0:27:11,56.0,2.0,7.0,0:27:16
1809,0:27:07,57.0,2.0,7.0,0:27:11
1810,0:26:58,58.0,2.0,7.0,0:27:07
1811,0:26:56,59.0,2.0,7.0,0:26:58
1812,0:26:49,60.0,2.0,7.0,0:26:56
1813,0:26:48,61.0,2.0,7.0,0:26:49
1814,0:26:39,62.0,2.0,7.0,0:26:48
1815,0:25:23,63.0,2.0,7.0,0:26:39
1816,0:25:21,64.0,2.0,7.0,0:25:23
1817,0:25:18,65.0,2.0,7.0,0:25:21
1818,0:25:16,66.0,2.0,7.0,0:25:18
1819,0:24:56,67.0,2.0,7.0,0:25:16
1820,0:24:55,68.0,2.0,7.0,0:24:56
1821,0:24:48,69.0,2.0,7.0,0:24:55
1822,0:24:45,70.0,2.0,7.0,0:24:48
1823,0:24:41,71.0,2.0,7.0,0:24:45
1824,0:24:40,72.0,2.0,7.0,0:24:41
1825,0:24:37,73.0,2.0,7.0,0:24:40
1826,0:24:31,74.0,2.0,7.0,0:24:37
1827,0:24:30,75.0,2.0,7.0,0:24:31
1828,0:24:28,76.0,2.0,7.0,0:24:30
1829,0:24:27,77.0,2.0,7.0,0:24:28
1830,0:24:24,78.0,2.0,7.0,0:24:27
1831,0:24:22,79.0,2.0,7.0,0:24:24
1832,0:24:19,80.0,2.0,7.0,0:24:22
1833,0:24:18,81.0,2.0,7.0,0:24:19
1834,0:24:17,82.0,2.0,7.0,0:24:18
1835,0:24:03,83.0,2.0,7.0,0:24:17
1836,0:24:03,84.0,2.0,7.0,0:24:17
1837,0:23:58,85.0,2.0,7.0,0:24:03
1838,0:23:49,86.0,2.0,7.0,0:23:58
1839,0:23:27,87.0,2.0,7.0,0:23:49
1840,0:23:26,88.0,2.0,7.0,0:23:27
1841,0:23:17,89.0,2.0,7.0,0:23:26
1842,0:23:15,90.0,2.0,7.0,0:23:17
1843,0:23:05,91.0,2.0,7.0,0:23:15
1844,0:21:51,92.0,2.0,7.0,0:23:05
1845,0:21:38,93.0,2.0,7.0,0:21:51
1846,0:21:15,94.0,2.0,7.0,0:21:38
1847,0:21:08,95.0,2.0,7.0,0:21:15
1848,0:21:05,96.0,2.0,7.0,0:21:08
1849,0:20:42,97.0,2.0,7.0,0:21:05
1850,0:20:28,98.0,2.0,7.0,0:20:42
1851,0:20:18,99.0,2.0,7.0,0:20:28
1852,0:20:04,100.0,2.0,7.0,0:20:18
1853,0:19:38,101.0,2.0,7.0,0:20:04
1854,0:18:59,102.0,2.0,7.0,0:19:38
1855,0:18:50,103.0,2.0,7.0,0:18:59
1856,0:18:43,104.0,2.0,7.0,0:18:50
1857,0:18:29,105.0,2.0,7.0,0:18:43
1858,0:17:48,106.0,2.0,7.0,0:18:29
1859,0:17:37,107.0,2.0,7.0,0:17:48
1860,0:17:18,108.0,2.0,7.0,0:17:37
1861,0:16:46,109.0,2.0,7.0,0:17:18
1862,0:16:40,110.0,2.0,7.0,0:16:46
1863,0:16:15,111.0,2.0,7.0,0:16:40
1864,0:16:11,112.0,2.0,7.0,0:16:15
1865,0:15:05,113.0,2.0,7.0,0:16:11
1866,0:15:03,114.0,2.0,7.0,0:15:05
1867,0:14:34,115.0,2.0,7.0,0:15:03
1868,0:14:28,116.0,2.0,7.0,0:14:34
1869,0:14:18,117.0,2.0,7.0,0:14:28
1870,0:13:41,118.0,2.0,7.0,0:14:18
1871,0:13:37,119.0,2.0,7.0,0:13:41
1872,0:13:24,120.0,2.0,7.0,0:13:37
1873,0:13:10,121.0,2.0,7.0,0:13:24
1874,0:13:07,122.0,2.0,7.0,0:13:10
1875,0:12:47,123.0,2.0,7.0,0:13:07
1876,0:12:31,124.0,2.0,7.0,0:12:47
1877,0:12:26,125.0,2.0,7.0,0:12:31
1878,0:10:47,126.0,2.0,7.0,0:12:26
1879,0:09:53,127.0,2.0,7.0,0:10:47
1880,0:09:22,128.0,2.0,7.0,0:09:53
1881,0:09:14,129.0,2.0,7.0,0:09:22
1882,0:08:46,130.0,2.0,7.0,0:09:14
1883,0:08:42,131.0,2.0,7.0,0:08:46
1884,0:08:23,132.0,2.0,7.0,0:08:42
1885,0:08:19,133.0,2.0,7.0,0:08:23
1886,0:08:17,134.0,2.0,7.0,0:08:19
1887,0:08:15,135.0,2.0,7.0,0:08:17
1888,0:08:13,136.0,2.0,7.0,0:08:15
1889,0:08:09,137.0,2.0,7.0,0:08:13
1890,0:08:07,138.0,2.0,7.0,0:08:09
1891,0:08:03,139.0,2.0,7.0,0:08:07
1892,0:08:01,140.0,2.0,7.0,0:08:03
1893,0:07:57,141.0,2.0,7.0,0:08:01
1894,0:07:56,142.0,2.0,7.0,0:07:57
1895,0:07:30,143.0,2.0,7.0,0:07:56
1896,0:07:20,144.0,2.0,7.0,0:07:30
1897,0:07:01,145.0,2.0,7.0,0:07:20
1898,0:06:59,146.0,2.0,7.0,0:07:01
1899,0:06:56,147.0,2.0,7.0,0:06:59
1900,0:06:54,148.0,2.0,7.0,0:06:56
1901,0:06:51,149.0,2.0,7.0,0:06:54
1902,0:06:50,150.0,2.0,7.0,0:06:51
1903,0:06:47,151.0,2.0,7.0,0:06:50
1904,0:06:42,152.0,2.0,7.0,0:06:47
1905,0:06:07,153.0,2.0,7.0,0:06:42
1906,0:06:01,154.0,2.0,7.0,0:06:07
1907,0:05:38,155.0,2.0,7.0,0:06:01
1908,0:05:25,156.0,2.0,7.0,0:05:38
1909,0:05:17,157.0,2.0,7.0,0:05:25
1910,0:05:12,158.0,2.0,7.0,0:05:17
1911,0:05:02,159.0,2.0,7.0,0:05:12
1912,0:05:00,160.0,2.0,7.0,0:05:02
1913,0:04:50,161.0,2.0,7.0,0:05:00
1914,0:04:48,162.0,2.0,7.0,0:04:50
1915,0:04:45,163.0,2.0,7.0,0:04:48
1916,0:04:42,164.0,2.0,7.0,0:04:45
1917,0:04:39,165.0,2.0,7.0,0:04:42
1918,0:04:37,166.0,2.0,7.0,0:04:39
1919,0:04:36,167.0,2.0,7.0,0:04:37
1920,0:04:35,168.0,2.0,7.0,0:04:36
1921,0:04:34,169.0,2.0,7.0,0:04:35
1922,0:04:32,170.0,2.0,7.0,0:04:34
1923,0:04:30,171.0,2.0,7.0,0:04:32
1924,0:04:25,172.0,2.0,7.0,0:04:30
1925,0:04:21,173.0,2.0,7.0,0:04:25
1926,0:04:04,174.0,2.0,7.0,0:04:21
1927,0:03:52,175.0,2.0,7.0,0:04:04
1928,0:03:06,176.0,2.0,7.0,0:03:52
1929,0:03:02,177.0,2.0,7.0,0:03:06
1930,0:46:59,0.0,2.0,8.0,0:47:18
1931,0:46:33,1.0,2.0,8.0,0:46:59
1932,0:46:27,2.0,2.0,8.0,0:46:33
1933,0:46:13,3.0,2.0,8.0,0:46:27
1934,0:46:07,4.0,2.0,8.0,0:46:13
1935,0:46:04,5.0,2.0,8.0,0:46:07
1936,0:46:01,6.0,2.0,8.0,0:46:04
1937,0:45:56,7.0,2.0,8.0,0:46:01
1938,0:45:54,8.0,2.0,8.0,0:45:56
1939,0:45:47,9.0,2.0,8.0,0:45:54
1940,0:45:34,10.0,2.0,8.0,0:45:47
1941,0:45:21,11.0,2.0,8.0,0:45:34
1942,0:45:19,12.0,2.0,8.0,0:45:21
1943,0:45:10,13.0,2.0,8.0,0:45:19
1944,0:44:36,14.0,2.0,8.0,0:45:10
1945,0:44:34,15.0,2.0,8.0,0:44:36
1946,0:44:12,16.0,2.0,8.0,0:44:34
1947,0:43:43,17.0,2.0,8.0,0:44:12
1948,0:43:34,18.0,2.0,8.0,0:43:43
1949,0:42:10,19.0,2.0,8.0,0:42:30
1950,0:42:03,20.0,2.0,8.0,0:42:10
1951,0:41:54,21.0,2.0,8.0,0:42:03
1952,0:41:07,22.0,2.0,8.0,0:41:54
1953,0:38:53,23.0,2.0,8.0,0:41:07
1954,0:37:31,24.0,2.0,8.0,0:38:52
1955,0:37:23,25.0,2.0,8.0,0:37:31
1956,0:37:05,26.0,2.0,8.0,0:37:23
1957,0:37:02,27.0,2.0,8.0,0:37:05
1958,0:36:55,28.0,2.0,8.0,0:37:02
1959,0:36:48,29.0,2.0,8.0,0:36:55
1960,0:35:36,30.0,2.0,8.0,0:36:48
1961,0:35:20,31.0,2.0,8.0,0:35:36
1962,0:34:48,32.0,2.0,8.0,0:35:20
1963,0:34:45,33.0,2.0,8.0,0:34:48
1964,0:34:12,34.0,2.0,8.0,0:34:45
1965,0:34:01,35.0,2.0,8.0,0:34:12
1966,0:33:33,36.0,2.0,8.0,0:34:01
1967,0:33:00,37.0,2.0,8.0,0:33:33
1968,0:32:28,38.0,2.0,8.0,0:33:00
1969,0:32:26,39.0,2.0,8.0,0:32:28
1970,0:32:25,40.0,2.0,8.0,0:32:26
1971,0:32:24,41.0,2.0,8.0,0:32:25
1972,0:32:22,42.0,2.0,8.0,0:32:24
1973,0:32:14,43.0,2.0,8.0,0:32:22
1974,0:32:11,44.0,2.0,8.0,0:32:14
1975,0:32:06,45.0,2.0,8.0,0:32:11
1976,0:31:45,46.0,2.0,8.0,0:32:06
1977,0:31:43,47.0,2.0,8.0,0:31:45
1978,0:31:22,48.0,2.0,8.0,0:31:43
1979,0:31:20,49.0,2.0,8.0,0:31:22
1980,0:31:18,50.0,2.0,8.0,0:31:20
1981,0:31:14,51.0,2.0,8.0,0:31:18
1982,0:31:07,52.0,2.0,8.0,0:31:14
1983,0:31:06,53.0,2.0,8.0,0:31:07
1984,0:31:03,54.0,2.0,8.0,0:31:06
1985,0:31:02,55.0,2.0,8.0,0:31:03
1986,0:30:54,56.0,2.0,8.0,0:31:02
1987,0:30:53,57.0,2.0,8.0,0:30:54
1988,0:30:51,58.0,2.0,8.0,0:30:53
1989,0:30:50,59.0,2.0,8.0,0:30:51
1990,0:30:48,60.0,2.0,8.0,0:30:50
1991,0:30:43,61.0,2.0,8.0,0:30:48
1992,0:30:41,62.0,2.0,8.0,0:30:43
1993,0:30:37,63.0,2.0,8.0,0:30:41
1994,0:30:33,64.0,2.0,8.0,0:30:37
1995,0:30:26,65.0,2.0,8.0,0:30:33
1996,0:30:21,66.0,2.0,8.0,0:30:26
1997,0:30:10,67.0,2.0,8.0,0:30:21
1998,0:30:02,68.0,2.0,8.0,0:30:10
1999,0:29:59,69.0,2.0,8.0,0:30:02
2000,0:29:49,70.0,2.0,8.0,0:29:59
2001,0:29:44,71.0,2.0,8.0,0:29:49
2002,0:29:42,72.0,2.0,8.0,0:29:44
2003,0:29:41,73.0,2.0,8.0,0:29:42
2004,0:29:36,74.0,2.0,8.0,0:29:41
2005,0:29:34,75.0,2.0,8.0,0:29:36
2006,0:29:32,76.0,2.0,8.0,0:29:34
2007,0:29:28,77.0,2.0,8.0,0:29:32
2008,0:29:26,78.0,2.0,8.0,0:29:28
2009,0:29:18,79.0,2.0,8.0,0:29:26
2010,0:29:15,80.0,2.0,8.0,0:29:18
2011,0:29:11,81.0,2.0,8.0,0:29:15
2012,0:29:07,82.0,2.0,8.0,0:29:11
2013,0:29:04,83.0,2.0,8.0,0:29:07
2014,0:28:58,84.0,2.0,8.0,0:29:04
2015,0:28:55,85.0,2.0,8.0,0:28:58
2016,0:28:53,86.0,2.0,8.0,0:28:55
2017,0:28:50,87.0,2.0,8.0,0:28:53
2018,0:28:47,88.0,2.0,8.0,0:28:50
2019,0:28:45,89.0,2.0,8.0,0:28:47
2020,0:28:44,90.0,2.0,8.0,0:28:45
2021,0:28:43,91.0,2.0,8.0,0:28:44
2022,0:28:42,92.0,2.0,8.0,0:28:43
2023,0:28:39,93.0,2.0,8.0,0:28:42
2024,0:28:37,94.0,2.0,8.0,0:28:39
2025,0:28:22,95.0,2.0,8.0,0:28:37
2026,0:28:21,96.0,2.0,8.0,0:28:22
2027,0:28:15,97.0,2.0,8.0,0:28:21
2028,0:28:11,98.0,2.0,8.0,0:28:15
2029,0:28:09,99.0,2.0,8.0,0:28:11
2030,0:28:05,100.0,2.0,8.0,0:28:09
2031,0:27:51,101.0,2.0,8.0,0:28:05
2032,0:27:48,102.0,2.0,8.0,0:27:51
2033,0:27:42,103.0,2.0,8.0,0:27:48
2034,0:27:20,104.0,2.0,8.0,0:27:42
2035,0:27:18,105.0,2.0,8.0,0:27:20
2036,0:27:11,106.0,2.0,8.0,0:27:18
2037,0:27:09,107.0,2.0,8.0,0:27:11
2038,0:26:54,108.0,2.0,8.0,0:27:09
2039,0:25:51,109.0,2.0,8.0,0:26:54
2040,0:25:40,110.0,2.0,8.0,0:25:51
2041,0:25:30,111.0,2.0,8.0,0:25:40
2042,0:25:23,112.0,2.0,8.0,0:25:30
2043,0:25:22,113.0,2.0,8.0,0:25:23
2044,0:25:16,114.0,2.0,8.0,0:25:22
2045,0:25:06,115.0,2.0,8.0,0:25:16
2046,0:24:50,116.0,2.0,8.0,0:25:06
2047,0:24:38,117.0,2.0,8.0,0:24:44
2048,0:23:46,118.0,2.0,8.0,0:24:38
2049,0:23:32,119.0,2.0,8.0,0:23:46
2050,0:22:54,120.0,2.0,8.0,0:23:32
2051,0:21:23,121.0,2.0,8.0,0:22:54
2052,0:20:48,122.0,2.0,8.0,0:21:23
2053,0:18:58,123.0,2.0,8.0,0:20:48
2054,0:18:39,124.0,2.0,8.0,0:18:58
2055,0:18:25,125.0,2.0,8.0,0:18:39
2056,0:18:18,126.0,2.0,8.0,0:18:25
2057,0:18:05,127.0,2.0,8.0,0:18:18
2058,0:17:35,128.0,2.0,8.0,0:18:05
2059,0:16:42,129.0,2.0,8.0,0:17:35
2060,0:15:56,130.0,2.0,8.0,0:16:42
2061,0:15:41,131.0,2.0,8.0,0:15:56
2062,0:15:22,132.0,2.0,8.0,0:15:41
2063,0:15:19,133.0,2.0,8.0,0:15:22
2064,0:15:04,134.0,2.0,8.0,0:15:19
2065,0:14:40,135.0,2.0,8.0,0:15:04
2066,0:13:53,136.0,2.0,8.0,0:14:40
2067,0:12:59,137.0,2.0,8.0,0:13:53
2068,0:12:55,138.0,2.0,8.0,0:12:59
2069,0:12:31,139.0,2.0,8.0,0:12:55
2070,0:08:38,140.0,2.0,8.0,0:12:31
2071,0:08:10,141.0,2.0,8.0,0:08:38
2072,0:08:06,142.0,2.0,8.0,0:08:10
2073,0:07:46,143.0,2.0,8.0,0:08:06
2074,0:07:39,144.0,2.0,8.0,0:07:46
2075,0:07:32,145.0,2.0,8.0,0:07:39
2076,0:07:26,146.0,2.0,8.0,0:07:32
2077,0:07:21,147.0,2.0,8.0,0:07:26
2078,0:07:20,148.0,2.0,8.0,0:07:21
2079,0:07:16,149.0,2.0,8.0,0:07:20
2080,0:07:14,150.0,2.0,8.0,0:07:16
2081,0:07:09,151.0,2.0,8.0,0:07:14
2082,0:07:08,152.0,2.0,8.0,0:07:09
2083,0:07:04,153.0,2.0,8.0,0:07:08
2084,0:07:03,154.0,2.0,8.0,0:07:04
2085,0:07:02,155.0,2.0,8.0,0:07:03
2086,0:07:01,156.0,2.0,8.0,0:07:02
2087,0:06:59,157.0,2.0,8.0,0:07:01
2088,0:06:51,158.0,2.0,8.0,0:06:59
2089,0:06:49,159.0,2.0,8.0,0:06:51
2090,0:06:32,160.0,2.0,8.0,0:06:49
2091,0:06:25,161.0,2.0,8.0,0:06:32
2092,0:06:24,162.0,2.0,8.0,0:06:25
2093,0:06:23,163.0,2.0,8.0,0:06:24
2094,0:06:22,164.0,2.0,8.0,0:06:23
2095,0:06:21,165.0,2.0,8.0,0:06:22
2096,0:06:20,166.0,2.0,8.0,0:06:21
2097,0:06:19,167.0,2.0,8.0,0:06:20
2098,0:06:18,168.0,2.0,8.0,0:06:19
2099,0:06:17,169.0,2.0,8.0,0:06:18
2100,0:06:16,170.0,2.0,8.0,0:06:17
2101,0:06:06,171.0,2.0,8.0,0:06:16
2102,0:05:59,172.0,2.0,8.0,0:06:06
2103,0:05:52,173.0,2.0,8.0,0:05:59
2104,0:05:33,174.0,2.0,8.0,0:05:52
2105,0:03:36,175.0,2.0,8.0,0:05:33
2106,0:02:52,176.0,2.0,8.0,0:03:36
2107,1:01:32,0.0,2.0,9.0,1:01:42
2108,1:00:48,1.0,2.0,9.0,1:01:32
2109,0:59:57,2.0,2.0,9.0,1:00:48
2110,0:59:36,3.0,2.0,9.0,0:59:57
2111,0:59:26,4.0,2.0,9.0,0:59:36
2112,0:59:13,5.0,2.0,9.0,0:59:26
2113,0:58:43,6.0,2.0,9.0,0:59:13
2114,0:58:14,7.0,2.0,9.0,0:58:43
2115,0:58:00,8.0,2.0,9.0,0:58:14
2116,0:56:29,9.0,2.0,9.0,0:56:57
2117,0:56:20,10.0,2.0,9.0,0:56:29
2118,0:56:13,11.0,2.0,9.0,0:56:20
2119,0:56:06,12.0,2.0,9.0,0:56:13
2120,0:55:11,13.0,2.0,9.0,0:56:06
2121,0:54:45,14.0,2.0,9.0,0:55:11
2122,0:54:32,15.0,2.0,9.0,0:54:45
2123,0:54:25,16.0,2.0,9.0,0:54:32
2124,0:53:41,17.0,2.0,9.0,0:54:25
2125,0:53:05,18.0,2.0,9.0,0:53:41
2126,0:52:40,19.0,2.0,9.0,0:53:05
2127,0:51:40,20.0,2.0,9.0,0:52:40
2128,0:51:28,21.0,2.0,9.0,0:51:40
2129,0:51:20,22.0,2.0,9.0,0:51:28
2130,0:51:01,23.0,2.0,9.0,0:51:20
2131,0:50:58,24.0,2.0,9.0,0:51:01
2132,0:50:56,25.0,2.0,9.0,0:50:58
2133,0:50:52,26.0,2.0,9.0,0:50:56
2134,0:50:42,27.0,2.0,9.0,0:50:52
2135,0:50:35,28.0,2.0,9.0,0:50:42
2136,0:46:49,29.0,2.0,9.0,0:50:35
2137,0:46:29,30.0,2.0,9.0,0:46:49
2138,0:46:26,31.0,2.0,9.0,0:46:29
2139,0:45:50,32.0,2.0,9.0,0:46:26
2140,0:45:34,33.0,2.0,9.0,0:45:50
2141,0:44:11,34.0,2.0,9.0,0:45:34
2142,0:44:09,35.0,2.0,9.0,0:44:11
2143,0:44:02,36.0,2.0,9.0,0:44:09
2144,0:43:50,37.0,2.0,9.0,0:44:02
2145,0:42:48,38.0,2.0,9.0,0:43:50
2146,0:42:46,39.0,2.0,9.0,0:42:48
2147,0:42:39,40.0,2.0,9.0,0:42:46
2148,0:42:00,41.0,2.0,9.0,0:42:39
2149,0:39:39,42.0,2.0,9.0,0:42:00
2150,0:39:29,43.0,2.0,9.0,0:39:39
2151,0:39:24,44.0,2.0,9.0,0:39:29
2152,0:38:16,45.0,2.0,9.0,0:39:24
2153,0:37:56,46.0,2.0,9.0,0:38:16
2154,0:37:44,47.0,2.0,9.0,0:37:56
2155,0:37:43,48.0,2.0,9.0,0:37:44
2156,0:37:41,49.0,2.0,9.0,0:37:43
2157,0:37:11,50.0,2.0,9.0,0:37:41
2158,0:37:07,51.0,2.0,9.0,0:37:11
2159,0:35:57,52.0,2.0,9.0,0:37:07
2160,0:35:55,53.0,2.0,9.0,0:35:57
2161,0:35:52,54.0,2.0,9.0,0:35:55
2162,0:35:31,55.0,2.0,9.0,0:35:52
2163,0:35:28,56.0,2.0,9.0,0:35:31
2164,0:35:11,57.0,2.0,9.0,0:35:28
2165,0:35:04,58.0,2.0,9.0,0:35:11
2166,0:34:12,59.0,2.0,9.0,0:35:04
2167,0:33:31,60.0,2.0,9.0,0:34:12
2168,0:33:06,61.0,2.0,9.0,0:33:31
2169,0:31:48,62.0,2.0,9.0,0:33:06
2170,0:30:44,63.0,2.0,9.0,0:31:48
2171,0:30:06,64.0,2.0,9.0,0:30:44
2172,0:29:20,65.0,2.0,9.0,0:30:06
2173,0:28:54,66.0,2.0,9.0,0:29:20
2174,0:28:17,67.0,2.0,9.0,0:28:54
2175,0:28:13,68.0,2.0,9.0,0:28:17
2176,0:27:58,69.0,2.0,9.0,0:28:13
2177,0:27:40,70.0,2.0,9.0,0:27:58
2178,0:27:27,71.0,2.0,9.0,0:27:40
2179,0:27:24,72.0,2.0,9.0,0:27:27
2180,0:27:16,73.0,2.0,9.0,0:27:24
2181,0:27:14,74.0,2.0,9.0,0:27:16
2182,0:27:09,75.0,2.0,9.0,0:27:14
2183,0:27:04,76.0,2.0,9.0,0:27:09
2184,0:27:00,77.0,2.0,9.0,0:27:04
2185,0:26:55,78.0,2.0,9.0,0:27:00
2186,0:26:50,79.0,2.0,9.0,0:26:55
2187,0:26:40,80.0,2.0,9.0,0:26:50
2188,0:26:30,81.0,2.0,9.0,0:26:40
2189,0:26:27,82.0,2.0,9.0,0:26:30
2190,0:25:53,83.0,2.0,9.0,0:26:27
2191,0:25:39,84.0,2.0,9.0,0:25:53
2192,0:25:36,85.0,2.0,9.0,0:25:39
2193,0:25:27,86.0,2.0,9.0,0:25:36
2194,0:25:20,87.0,2.0,9.0,0:25:27
2195,0:24:57,88.0,2.0,9.0,0:25:20
2196,0:24:44,89.0,2.0,9.0,0:24:57
2197,0:24:04,90.0,2.0,9.0,0:24:44
2198,0:23:50,91.0,2.0,9.0,0:24:04
2199,0:23:33,92.0,2.0,9.0,0:23:50
2200,0:22:09,93.0,2.0,9.0,0:23:33
2201,0:21:52,94.0,2.0,9.0,0:22:09
2202,0:21:49,95.0,2.0,9.0,0:21:52
2203,0:21:46,96.0,2.0,9.0,0:21:49
2204,0:21:45,97.0,2.0,9.0,0:21:46
2205,0:21:44,98.0,2.0,9.0,0:21:45
2206,0:21:32,99.0,2.0,9.0,0:21:44
2207,0:21:07,100.0,2.0,9.0,0:21:32
2208,0:21:04,101.0,2.0,9.0,0:21:07
2209,0:21:02,102.0,2.0,9.0,0:21:04
2210,0:20:59,103.0,2.0,9.0,0:21:02
2211,0:20:57,104.0,2.0,9.0,0:20:59
2212,0:20:56,105.0,2.0,9.0,0:20:57
2213,0:20:48,106.0,2.0,9.0,0:20:56
2214,0:20:47,107.0,2.0,9.0,0:20:48
2215,0:20:44,108.0,2.0,9.0,0:20:47
2216,0:20:42,109.0,2.0,9.0,0:20:44
2217,0:20:31,110.0,2.0,9.0,0:20:42
2218,0:20:29,111.0,2.0,9.0,0:20:31
2219,0:19:34,112.0,2.0,9.0,0:20:29
2220,0:19:33,113.0,2.0,9.0,0:19:34
2221,0:19:32,114.0,2.0,9.0,0:19:33
2222,0:19:30,115.0,2.0,9.0,0:19:32
2223,0:19:29,116.0,2.0,9.0,0:19:30
2224,0:19:27,117.0,2.0,9.0,0:19:29
2225,0:19:26,118.0,2.0,9.0,0:19:27
2226,0:19:24,119.0,2.0,9.0,0:19:26
2227,0:19:22,120.0,2.0,9.0,0:19:24
2228,0:19:21,121.0,2.0,9.0,0:19:22
2229,0:19:20,122.0,2.0,9.0,0:19:21
2230,0:19:16,123.0,2.0,9.0,0:19:20
2231,0:19:15,124.0,2.0,9.0,0:19:16
2232,0:19:13,125.0,2.0,9.0,0:19:15
2233,0:19:10,126.0,2.0,9.0,0:19:13
2234,0:19:08,127.0,2.0,9.0,0:19:10
2235,0:19:07,128.0,2.0,9.0,0:19:08
2236,0:19:06,129.0,2.0,9.0,0:19:07
2237,0:19:05,130.0,2.0,9.0,0:19:06
2238,0:19:04,131.0,2.0,9.0,0:19:05
2239,0:18:55,132.0,2.0,9.0,0:19:04
2240,0:18:51,133.0,2.0,9.0,0:18:55
2241,0:18:47,134.0,2.0,9.0,0:18:51
2242,0:18:43,135.0,2.0,9.0,0:18:47
2243,0:18:23,136.0,2.0,9.0,0:18:43
2244,0:18:16,137.0,2.0,9.0,0:18:23
2245,0:18:10,138.0,2.0,9.0,0:18:16
2246,0:18:04,139.0,2.0,9.0,0:18:10
2247,0:18:01,140.0,2.0,9.0,0:18:04
2248,0:17:48,141.0,2.0,9.0,0:18:01
2249,0:17:09,142.0,2.0,9.0,0:17:48
2250,0:17:04,143.0,2.0,9.0,0:17:09
2251,0:16:41,144.0,2.0,9.0,0:17:04
2252,0:16:28,145.0,2.0,9.0,0:16:41
2253,0:16:16,146.0,2.0,9.0,0:16:28
2254,0:15:53,147.0,2.0,9.0,0:16:16
2255,0:15:00,148.0,2.0,9.0,0:15:53
2256,0:14:48,149.0,2.0,9.0,0:15:00
2257,0:14:17,150.0,2.0,9.0,0:14:48
2258,0:14:06,151.0,2.0,9.0,0:14:17
2259,0:13:46,152.0,2.0,9.0,0:14:06
2260,0:13:41,153.0,2.0,9.0,0:13:46
2261,0:13:37,154.0,2.0,9.0,0:13:41
2262,0:13:30,155.0,2.0,9.0,0:13:37
2263,0:13:26,156.0,2.0,9.0,0:13:30
2264,0:13:07,157.0,2.0,9.0,0:13:26
2265,0:12:57,158.0,2.0,9.0,0:13:07
2266,0:12:46,159.0,2.0,9.0,0:12:57
2267,0:12:09,160.0,2.0,9.0,0:12:46
2268,0:11:56,161.0,2.0,9.0,0:12:09
2269,0:11:55,162.0,2.0,9.0,0:11:56
2270,0:11:50,163.0,2.0,9.0,0:11:55
2271,0:11:47,164.0,2.0,9.0,0:11:50
2272,0:11:43,165.0,2.0,9.0,0:11:47
2273,0:11:38,166.0,2.0,9.0,0:11:43
2274,0:11:20,167.0,2.0,9.0,0:11:38
2275,0:11:11,168.0,2.0,9.0,0:11:20
2276,0:11:05,169.0,2.0,9.0,0:11:11
2277,0:10:56,170.0,2.0,9.0,0:11:05
2278,0:10:38,171.0,2.0,9.0,0:10:56
2279,0:10:35,172.0,2.0,9.0,0:10:38
2280,0:09:58,173.0,2.0,9.0,0:10:35
2281,0:09:50,174.0,2.0,9.0,0:09:58
2282,0:09:46,175.0,2.0,9.0,0:09:50
2283,0:09:43,176.0,2.0,9.0,0:09:46
2284,0:09:40,177.0,2.0,9.0,0:09:43
2285,0:09:37,178.0,2.0,9.0,0:09:40
2286,0:09:29,179.0,2.0,9.0,0:09:37
2287,0:09:21,180.0,2.0,9.0,0:09:29
2288,0:08:54,181.0,2.0,9.0,0:09:21
2289,0:08:33,182.0,2.0,9.0,0:08:54
2290,0:07:41,183.0,2.0,9.0,0:08:33
2291,0:07:37,184.0,2.0,9.0,0:07:41
2292,0:07:17,185.0,2.0,9.0,0:07:37
2293,0:07:09,186.0,2.0,9.0,0:07:17
2294,0:06:54,187.0,2.0,9.0,0:07:09
2295,0:05:30,188.0,2.0,9.0,0:06:54
2296,0:05:22,189.0,2.0,9.0,0:05:30
2297,0:04:34,190.0,2.0,9.0,0:05:22
2298,0:04:27,191.0,2.0,9.0,0:04:34
2299,0:04:24,192.0,2.0,9.0,0:04:27
2300,0:04:20,193.0,2.0,9.0,0:04:24
2301,0:04:15,194.0,2.0,9.0,0:04:20
2302,0:04:12,195.0,2.0,9.0,0:04:15
2303,0:04:03,196.0,2.0,9.0,0:04:12
2304,0:03:49,197.0,2.0,9.0,0:04:03
2305,0:03:39,198.0,2.0,9.0,0:03:49
2306,0:03:21,199.0,2.0,9.0,0:03:39
2307,0:03:03,200.0,2.0,9.0,0:03:21
2308,,,,,
